,cor000,cor001,cor002,cor003,cor004,cor005,cor006,cor007,cor008,cor009,cor010,cor011,cor012,cor013,cor014,cor015,cor016,cor017,cor018,cor019,cor020,cor021,cor022,cor023,cor024,cor025,cor026,cor027,cor028,cor029,cor030,cor031,cor032,cor033,cor034,cor035,cor036,cor037,cor038,cor039,cor040,cor041,cor042,cor043,cor044,cor045,cor046,cor047,cor048,cor049,cor050,cor051,cor052,cor053,cor054,cor055,cor056,cor057,cor058,cor059,cor060,cor061,cor062,cor063,cor064,cor065,cor066,cor067,cor068,cor069,cor070,cor071,cor072,cor073,cor074,cor075,cor076,cor077,cor078,cor079,cor080,cor081,cor082,cor083,cor084,cor085,cor086,cor087,cor088,cor089,cor090,cor091,cor092,cor093,cor094,cor095,cor096,cor097,cor098,cor099,cor100,cor101,cor102,cor103,cor104,cor105,cor106,cor107,cor108,cor109,cor110,cor111,cor112,cor113,cor114,cor115,cor116,cor117,cor118,cor119,cor120,cor121,cor122,cor123,cor124,cor125,cor126,cor127,cor128,cor129,cor130,cor131,cor132,cor133,cor134,cor135,cor136,cor137,cor138,cor139,cor140,cor141,cor142,cor143,cor144,cor145,cor146,cor147,cor148,cor149,cor150,cor151,cor152,cor153,cor154,cor155,cor156,cor157,cor158,cor159,cor160,cor161,cor162,cor163,cor164,cor165,cor166,cor167,cor168,cor169,cor170,cor171,cor172,cor173,cor174,cor175,cor176,cor177,cor178,cor179,cor180,cor181,cor182,cor183,cor184,cor185,cor186,cor187,cor188,cor189,cor190,cor191,cor192,cor193,cor194,cor195,cor196,cor197,cor198,cor199,cor200,cor201,cor202,cor203,cor204,cor205,cor206,cor207,cor208,cor209,cor210,cor211,cor212,cor213,cor214,cor215,cor216,cor217,cor218,cor219,cor220,cor221,cor222,cor223,cor224,cor225,cor226,cor227,cor228,cor229,cor230,cor231,cor232,cor233,cor234,cor235,cor236,cor237,cor238,cor239,cor240,cor241,cor242,cor243,cor244,cor245,cor246,cor247,cor248,cor249,cor250,cor251,cor252,cor253,cor254,cor255,classe
0,2928.0,537.0,744.0,438.0,534.0,87.0,426.0,366.0,792.0,402.0,216.0,426.0,243.0,78.0,141.0,333.0,969.0,315.0,264.0,234.0,534.0,81.0,696.0,753.0,165.0,135.0,69.0,117.0,117.0,75.0,159.0,426.0,462.0,81.0,168.0,102.0,111.0,24.0,120.0,114.0,405.0,351.0,129.0,477.0,150.0,60.0,147.0,663.0,219.0,57.0,114.0,63.0,165.0,24.0,228.0,288.0,135.0,117.0,36.0,174.0,105.0,81.0,177.0,666.0,663.0,210.0,144.0,120.0,222.0,69.0,120.0,159.0,225.0,219.0,57.0,126.0,69.0,69.0,57.0,138.0,222.0,87.0,57.0,75.0,153.0,24.0,216.0,177.0,93.0,63.0,27.0,33.0,69.0,51.0,84.0,156.0,432.0,96.0,135.0,81.0,135.0,21.0,120.0,75.0,597.0,480.0,132.0,378.0,186.0,129.0,213.0,708.0,141.0,60.0,51.0,45.0,162.0,39.0,195.0,198.0,156.0,108.0,57.0,138.0,192.0,126.0,249.0,669.0,684.0,198.0,240.0,162.0,132.0,21.0,111.0,78.0,324.0,195.0,99.0,189.0,69.0,18.0,60.0,135.0,711.0,213.0,213.0,207.0,597.0,96.0,690.0,861.0,99.0,153.0,51.0,174.0,159.0,108.0,165.0,735.0,120.0,21.0,60.0,39.0,27.0,3.0,51.0,33.0,93.0,63.0,45.0,126.0,24.0,18.0,36.0,135.0,84.0,39.0,72.0,48.0,132.0,21.0,129.0,144.0,60.0,111.0,45.0,162.0,111.0,87.0,153.0,813.0,552.0,147.0,144.0,120.0,117.0,33.0,102.0,93.0,276.0,186.0,51.0,141.0,93.0,39.0,42.0,141.0,633.0,192.0,138.0,168.0,588.0,93.0,552.0,789.0,192.0,180.0,51.0,162.0,228.0,126.0,216.0,651.0,363.0,96.0,156.0,72.0,129.0,21.0,93.0,75.0,765.0,768.0,159.0,768.0,261.0,180.0,210.0,984.0,507.0,183.0,180.0,207.0,813.0,96.0,903.0,1143.0,504.0,768.0,192.0,696.0,765.0,762.0,873.0,4287.0,laranja
1,2898.0,477.0,621.0,330.0,627.0,78.0,405.0,336.0,927.0,486.0,324.0,630.0,345.0,96.0,336.0,723.0,837.0,222.0,147.0,129.0,414.0,75.0,399.0,366.0,186.0,111.0,75.0,165.0,111.0,72.0,153.0,459.0,762.0,123.0,210.0,141.0,198.0,42.0,141.0,99.0,624.0,573.0,213.0,687.0,210.0,96.0,237.0,972.0,321.0,93.0,105.0,69.0,216.0,30.0,153.0,123.0,168.0,168.0,81.0,159.0,126.0,81.0,171.0,603.0,678.0,183.0,114.0,111.0,210.0,45.0,120.0,117.0,228.0,198.0,36.0,162.0,102.0,51.0,69.0,165.0,255.0,96.0,57.0,81.0,192.0,60.0,141.0,162.0,57.0,93.0,9.0,66.0,63.0,36.0,57.0,180.0,582.0,96.0,108.0,111.0,201.0,39.0,132.0,69.0,576.0,549.0,189.0,627.0,147.0,117.0,159.0,783.0,321.0,99.0,72.0,81.0,237.0,57.0,159.0,186.0,162.0,243.0,72.0,216.0,201.0,171.0,132.0,648.0,504.0,87.0,183.0,132.0,99.0,18.0,93.0,96.0,267.0,126.0,96.0,216.0,93.0,36.0,63.0,267.0,453.0,138.0,120.0,138.0,333.0,99.0,351.0,585.0,153.0,129.0,87.0,150.0,129.0,84.0,180.0,774.0,78.0,21.0,42.0,30.0,24.0,15.0,36.0,42.0,126.0,96.0,57.0,165.0,21.0,45.0,36.0,186.0,117.0,42.0,39.0,24.0,87.0,21.0,117.0,120.0,114.0,93.0,51.0,132.0,72.0,87.0,123.0,756.0,426.0,120.0,117.0,135.0,69.0,27.0,78.0,126.0,162.0,138.0,63.0,201.0,51.0,15.0,69.0,249.0,543.0,177.0,147.0,180.0,462.0,138.0,351.0,768.0,153.0,183.0,48.0,204.0,165.0,135.0,171.0,708.0,456.0,129.0,144.0,114.0,120.0,27.0,132.0,135.0,555.0,735.0,204.0,900.0,171.0,111.0,207.0,1050.0,744.0,312.0,153.0,252.0,903.0,192.0,639.0,939.0,549.0,873.0,216.0,936.0,693.0,849.0,654.0,4269.0,laranja
2,2913.0,504.0,684.0,459.0,633.0,123.0,420.0,402.0,693.0,393.0,234.0,405.0,195.0,75.0,171.0,405.0,960.0,273.0,237.0,243.0,534.0,102.0,657.0,666.0,177.0,150.0,90.0,144.0,138.0,75.0,159.0,447.0,435.0,117.0,216.0,132.0,144.0,12.0,171.0,126.0,381.0,324.0,144.0,393.0,102.0,66.0,153.0,639.0,228.0,96.0,66.0,87.0,180.0,51.0,225.0,279.0,156.0,105.0,66.0,135.0,123.0,84.0,189.0,729.0,639.0,174.0,111.0,114.0,204.0,72.0,120.0,126.0,249.0,141.0,48.0,120.0,81.0,63.0,75.0,117.0,207.0,78.0,51.0,45.0,168.0,45.0,201.0,180.0,75.0,78.0,30.0,42.0,78.0,54.0,87.0,228.0,375.0,111.0,126.0,87.0,150.0,33.0,126.0,75.0,468.0,423.0,126.0,477.0,147.0,114.0,162.0,672.0,189.0,69.0,66.0,33.0,204.0,51.0,201.0,267.0,141.0,171.0,57.0,150.0,183.0,114.0,216.0,864.0,621.0,129.0,231.0,168.0,156.0,27.0,66.0,108.0,255.0,126.0,132.0,210.0,99.0,54.0,42.0,108.0,570.0,171.0,198.0,201.0,603.0,120.0,717.0,879.0,168.0,207.0,78.0,204.0,177.0,120.0,174.0,852.0,90.0,9.0,63.0,36.0,27.0,9.0,45.0,6.0,108.0,63.0,51.0,108.0,54.0,36.0,42.0,96.0,111.0,42.0,48.0,48.0,75.0,21.0,144.0,165.0,78.0,96.0,60.0,138.0,141.0,114.0,177.0,891.0,462.0,144.0,129.0,102.0,120.0,45.0,90.0,126.0,219.0,177.0,72.0,192.0,81.0,48.0,66.0,153.0,594.0,192.0,126.0,150.0,660.0,159.0,702.0,981.0,186.0,237.0,87.0,198.0,189.0,171.0,303.0,855.0,384.0,75.0,123.0,93.0,117.0,33.0,120.0,108.0,684.0,639.0,177.0,705.0,246.0,120.0,273.0,1044.0,492.0,183.0,147.0,213.0,894.0,126.0,903.0,1227.0,441.0,813.0,183.0,789.0,891.0,828.0,942.0,5175.0,laranja
3,2907.0,480.0,624.0,432.0,558.0,111.0,462.0,420.0,819.0,531.0,252.0,630.0,369.0,90.0,285.0,717.0,753.0,231.0,168.0,135.0,408.0,87.0,357.0,369.0,174.0,135.0,90.0,129.0,135.0,66.0,162.0,447.0,603.0,156.0,168.0,81.0,159.0,24.0,192.0,102.0,666.0,564.0,216.0,657.0,201.0,96.0,225.0,891.0,360.0,105.0,78.0,57.0,183.0,42.0,141.0,141.0,153.0,165.0,72.0,237.0,147.0,111.0,174.0,795.0,612.0,234.0,102.0,87.0,207.0,75.0,75.0,111.0,222.0,165.0,78.0,162.0,84.0,60.0,108.0,213.0,285.0,111.0,72.0,84.0,195.0,51.0,114.0,153.0,72.0,60.0,36.0,81.0,72.0,45.0,63.0,210.0,474.0,72.0,144.0,90.0,174.0,42.0,90.0,96.0,576.0,531.0,150.0,576.0,180.0,87.0,162.0,837.0,243.0,87.0,81.0,57.0,192.0,63.0,177.0,147.0,141.0,195.0,105.0,231.0,156.0,144.0,234.0,852.0,453.0,99.0,204.0,147.0,114.0,45.0,117.0,117.0,213.0,183.0,117.0,234.0,105.0,27.0,81.0,342.0,360.0,138.0,147.0,120.0,342.0,78.0,381.0,639.0,120.0,93.0,99.0,162.0,186.0,81.0,162.0,774.0,96.0,9.0,66.0,60.0,42.0,6.0,33.0,27.0,81.0,111.0,57.0,144.0,45.0,30.0,48.0,129.0,123.0,60.0,36.0,48.0,72.0,27.0,102.0,129.0,45.0,117.0,27.0,156.0,126.0,84.0,165.0,801.0,333.0,132.0,105.0,117.0,60.0,45.0,87.0,102.0,195.0,162.0,63.0,201.0,57.0,36.0,48.0,219.0,462.0,183.0,102.0,153.0,441.0,147.0,387.0,783.0,141.0,171.0,60.0,216.0,159.0,174.0,186.0,1011.0,444.0,117.0,117.0,171.0,105.0,30.0,102.0,102.0,528.0,855.0,168.0,903.0,147.0,108.0,147.0,1152.0,798.0,339.0,156.0,258.0,939.0,216.0,750.0,1047.0,570.0,948.0,222.0,981.0,810.0,858.0,909.0,5538.0,laranja
4,2709.0,423.0,804.0,396.0,627.0,135.0,471.0,417.0,681.0,372.0,222.0,432.0,183.0,96.0,189.0,480.0,729.0,285.0,216.0,198.0,594.0,102.0,699.0,600.0,201.0,180.0,84.0,159.0,162.0,114.0,147.0,567.0,471.0,87.0,207.0,105.0,138.0,30.0,87.0,102.0,312.0,267.0,141.0,420.0,168.0,75.0,126.0,732.0,222.0,81.0,93.0,45.0,156.0,45.0,186.0,204.0,159.0,111.0,48.0,153.0,120.0,138.0,165.0,798.0,684.0,237.0,174.0,138.0,183.0,60.0,150.0,159.0,201.0,162.0,72.0,117.0,51.0,57.0,75.0,138.0,255.0,114.0,60.0,75.0,150.0,60.0,180.0,180.0,105.0,66.0,33.0,54.0,102.0,60.0,48.0,204.0,339.0,96.0,150.0,57.0,147.0,54.0,126.0,123.0,483.0,363.0,120.0,387.0,132.0,96.0,144.0,654.0,177.0,63.0,57.0,51.0,192.0,42.0,138.0,231.0,135.0,168.0,51.0,156.0,156.0,153.0,192.0,810.0,468.0,60.0,153.0,168.0,105.0,36.0,117.0,99.0,246.0,93.0,87.0,138.0,96.0,48.0,39.0,162.0,501.0,159.0,198.0,120.0,693.0,90.0,930.0,870.0,156.0,174.0,78.0,168.0,102.0,141.0,192.0,933.0,90.0,48.0,81.0,33.0,33.0,6.0,36.0,33.0,138.0,81.0,78.0,126.0,45.0,18.0,48.0,105.0,99.0,42.0,57.0,51.0,126.0,30.0,144.0,135.0,84.0,126.0,69.0,168.0,132.0,156.0,156.0,957.0,405.0,120.0,144.0,126.0,99.0,30.0,153.0,108.0,168.0,150.0,78.0,147.0,66.0,33.0,60.0,153.0,633.0,168.0,144.0,171.0,819.0,144.0,828.0,993.0,192.0,171.0,69.0,219.0,192.0,168.0,231.0,885.0,381.0,84.0,132.0,99.0,144.0,21.0,123.0,162.0,570.0,594.0,174.0,732.0,186.0,117.0,216.0,1047.0,408.0,156.0,120.0,120.0,969.0,168.0,906.0,1260.0,501.0,894.0,168.0,813.0,723.0,1026.0,1023.0,5736.0,laranja
5,2901.0,546.0,798.0,474.0,522.0,90.0,417.0,354.0,594.0,447.0,192.0,657.0,297.0,99.0,171.0,582.0,669.0,189.0,198.0,138.0,378.0,126.0,411.0,351.0,147.0,129.0,72.0,186.0,147.0,81.0,171.0,375.0,501.0,111.0,195.0,117.0,177.0,48.0,177.0,90.0,549.0,528.0,192.0,729.0,207.0,93.0,150.0,822.0,240.0,111.0,96.0,87.0,153.0,51.0,192.0,141.0,132.0,147.0,78.0,180.0,174.0,129.0,153.0,900.0,663.0,246.0,123.0,93.0,180.0,57.0,87.0,111.0,213.0,183.0,51.0,195.0,138.0,54.0,60.0,177.0,264.0,102.0,81.0,63.0,174.0,57.0,162.0,132.0,75.0,63.0,45.0,78.0,93.0,45.0,69.0,207.0,372.0,96.0,147.0,84.0,132.0,48.0,99.0,81.0,516.0,720.0,165.0,690.0,207.0,162.0,138.0,924.0,231.0,84.0,54.0,81.0,195.0,45.0,153.0,156.0,159.0,210.0,51.0,225.0,180.0,153.0,222.0,906.0,417.0,162.0,225.0,129.0,99.0,36.0,129.0,84.0,195.0,156.0,96.0,240.0,93.0,75.0,66.0,267.0,462.0,192.0,171.0,192.0,360.0,111.0,384.0,753.0,123.0,138.0,69.0,183.0,111.0,84.0,174.0,708.0,93.0,39.0,75.0,48.0,36.0,15.0,51.0,36.0,108.0,102.0,54.0,201.0,51.0,27.0,60.0,156.0,135.0,30.0,42.0,36.0,105.0,39.0,159.0,138.0,93.0,120.0,36.0,159.0,111.0,114.0,168.0,972.0,384.0,141.0,150.0,81.0,105.0,60.0,78.0,93.0,135.0,186.0,57.0,141.0,78.0,48.0,69.0,210.0,462.0,177.0,123.0,153.0,474.0,150.0,486.0,744.0,153.0,120.0,51.0,201.0,204.0,138.0,228.0,1002.0,333.0,123.0,120.0,123.0,78.0,30.0,105.0,120.0,345.0,810.0,150.0,897.0,192.0,141.0,141.0,969.0,684.0,276.0,183.0,279.0,726.0,186.0,828.0,1017.0,414.0,801.0,210.0,969.0,783.0,1056.0,945.0,5751.0,laranja
6,2661.0,435.0,690.0,420.0,366.0,45.0,363.0,375.0,900.0,420.0,183.0,573.0,249.0,60.0,120.0,492.0,918.0,267.0,180.0,210.0,444.0,102.0,576.0,756.0,183.0,177.0,63.0,135.0,132.0,75.0,129.0,525.0,426.0,51.0,189.0,111.0,111.0,18.0,93.0,81.0,576.0,504.0,141.0,612.0,150.0,90.0,150.0,813.0,228.0,66.0,84.0,66.0,147.0,24.0,159.0,267.0,138.0,132.0,66.0,174.0,147.0,105.0,159.0,804.0,732.0,177.0,162.0,126.0,162.0,42.0,126.0,93.0,249.0,204.0,78.0,135.0,54.0,18.0,33.0,129.0,231.0,63.0,42.0,63.0,147.0,45.0,108.0,135.0,36.0,51.0,12.0,54.0,30.0,30.0,51.0,129.0,525.0,99.0,138.0,81.0,120.0,36.0,117.0,102.0,702.0,744.0,108.0,633.0,174.0,138.0,156.0,813.0,222.0,60.0,57.0,42.0,156.0,27.0,93.0,219.0,153.0,177.0,33.0,171.0,177.0,108.0,177.0,693.0,477.0,120.0,138.0,147.0,81.0,30.0,96.0,60.0,279.0,153.0,63.0,156.0,63.0,30.0,54.0,147.0,594.0,153.0,165.0,174.0,525.0,87.0,648.0,789.0,156.0,174.0,63.0,174.0,105.0,108.0,153.0,786.0,72.0,12.0,57.0,18.0,12.0,3.0,21.0,12.0,96.0,69.0,42.0,129.0,42.0,27.0,36.0,108.0,81.0,36.0,60.0,45.0,129.0,18.0,129.0,117.0,90.0,87.0,42.0,129.0,93.0,102.0,147.0,768.0,555.0,156.0,153.0,111.0,90.0,15.0,99.0,105.0,258.0,198.0,33.0,135.0,69.0,30.0,42.0,189.0,678.0,219.0,141.0,165.0,609.0,108.0,606.0,843.0,171.0,204.0,48.0,153.0,186.0,120.0,180.0,594.0,567.0,78.0,123.0,126.0,153.0,15.0,123.0,75.0,933.0,981.0,231.0,855.0,243.0,105.0,267.0,1086.0,750.0,156.0,168.0,195.0,966.0,114.0,876.0,1200.0,798.0,918.0,156.0,729.0,837.0,816.0,828.0,4578.0,laranja
7,2634.0,360.0,615.0,480.0,393.0,48.0,435.0,444.0,897.0,468.0,180.0,747.0,183.0,81.0,195.0,747.0,753.0,156.0,225.0,156.0,405.0,39.0,606.0,471.0,189.0,138.0,57.0,153.0,114.0,63.0,159.0,657.0,513.0,78.0,228.0,78.0,123.0,12.0,108.0,81.0,690.0,549.0,231.0,852.0,183.0,93.0,231.0,1185.0,216.0,63.0,57.0,27.0,159.0,27.0,138.0,105.0,180.0,126.0,48.0,147.0,156.0,90.0,150.0,912.0,840.0,207.0,153.0,120.0,138.0,21.0,117.0,144.0,267.0,171.0,60.0,183.0,87.0,33.0,27.0,156.0,243.0,66.0,48.0,42.0,195.0,42.0,111.0,93.0,66.0,27.0,33.0,45.0,42.0,12.0,42.0,99.0,531.0,102.0,159.0,78.0,141.0,18.0,138.0,99.0,798.0,753.0,195.0,819.0,177.0,150.0,171.0,984.0,219.0,75.0,54.0,39.0,171.0,42.0,156.0,132.0,231.0,192.0,45.0,183.0,195.0,129.0,141.0,576.0,525.0,114.0,156.0,144.0,72.0,21.0,75.0,81.0,201.0,138.0,51.0,174.0,36.0,9.0,33.0,225.0,618.0,165.0,201.0,180.0,411.0,84.0,582.0,864.0,132.0,75.0,30.0,129.0,99.0,93.0,132.0,762.0,90.0,9.0,60.0,15.0,9.0,9.0,24.0,6.0,96.0,84.0,45.0,165.0,33.0,24.0,30.0,168.0,75.0,18.0,24.0,18.0,93.0,9.0,93.0,69.0,87.0,105.0,27.0,135.0,96.0,72.0,141.0,786.0,615.0,174.0,129.0,141.0,90.0,12.0,63.0,72.0,153.0,210.0,51.0,171.0,36.0,27.0,27.0,150.0,705.0,192.0,165.0,156.0,582.0,111.0,609.0,771.0,162.0,183.0,45.0,225.0,135.0,87.0,132.0,567.0,588.0,99.0,114.0,93.0,84.0,12.0,102.0,108.0,879.0,1362.0,147.0,960.0,147.0,84.0,108.0,963.0,762.0,177.0,105.0,147.0,1008.0,165.0,843.0,819.0,846.0,858.0,120.0,813.0,888.0,798.0,630.0,3795.0,laranja
8,2940.0,477.0,576.0,363.0,561.0,57.0,372.0,396.0,813.0,432.0,240.0,375.0,213.0,78.0,156.0,399.0,915.0,252.0,219.0,249.0,501.0,96.0,615.0,822.0,219.0,189.0,45.0,180.0,147.0,84.0,168.0,474.0,519.0,120.0,174.0,90.0,108.0,30.0,156.0,105.0,450.0,546.0,159.0,522.0,165.0,66.0,159.0,789.0,237.0,90.0,57.0,81.0,159.0,39.0,195.0,279.0,135.0,162.0,63.0,177.0,105.0,111.0,141.0,705.0,564.0,222.0,168.0,135.0,189.0,36.0,153.0,141.0,228.0,171.0,63.0,126.0,99.0,69.0,57.0,153.0,237.0,78.0,48.0,63.0,159.0,33.0,168.0,177.0,66.0,99.0,27.0,75.0,54.0,63.0,60.0,165.0,366.0,105.0,96.0,84.0,171.0,33.0,129.0,126.0,561.0,750.0,141.0,696.0,177.0,162.0,198.0,756.0,180.0,60.0,63.0,63.0,162.0,48.0,192.0,270.0,183.0,195.0,72.0,195.0,174.0,123.0,198.0,825.0,525.0,81.0,162.0,132.0,102.0,18.0,108.0,81.0,294.0,144.0,84.0,150.0,87.0,30.0,60.0,156.0,441.0,183.0,132.0,213.0,522.0,105.0,669.0,807.0,147.0,156.0,99.0,189.0,168.0,96.0,225.0,840.0,72.0,9.0,54.0,27.0,33.0,9.0,30.0,39.0,117.0,72.0,66.0,147.0,39.0,18.0,39.0,156.0,81.0,33.0,36.0,45.0,126.0,18.0,126.0,138.0,87.0,87.0,36.0,141.0,87.0,81.0,126.0,840.0,468.0,114.0,108.0,120.0,108.0,45.0,108.0,129.0,252.0,174.0,54.0,147.0,87.0,33.0,72.0,222.0,597.0,207.0,159.0,159.0,633.0,147.0,660.0,852.0,186.0,201.0,66.0,225.0,171.0,180.0,195.0,744.0,435.0,141.0,132.0,114.0,105.0,45.0,141.0,138.0,600.0,807.0,210.0,870.0,228.0,141.0,297.0,1149.0,564.0,198.0,186.0,126.0,882.0,123.0,816.0,1185.0,570.0,870.0,195.0,672.0,741.0,765.0,825.0,4701.0,laranja
9,2877.0,474.0,627.0,426.0,390.0,72.0,399.0,411.0,867.0,471.0,228.0,495.0,273.0,111.0,213.0,693.0,870.0,255.0,231.0,195.0,390.0,81.0,396.0,516.0,177.0,171.0,78.0,180.0,156.0,90.0,186.0,501.0,504.0,66.0,210.0,90.0,123.0,18.0,117.0,99.0,498.0,402.0,177.0,519.0,174.0,141.0,213.0,882.0,252.0,78.0,63.0,69.0,138.0,33.0,159.0,198.0,174.0,162.0,75.0,234.0,162.0,123.0,138.0,888.0,720.0,228.0,90.0,93.0,138.0,36.0,120.0,81.0,261.0,171.0,60.0,144.0,63.0,45.0,48.0,183.0,168.0,66.0,54.0,60.0,126.0,33.0,126.0,156.0,69.0,27.0,36.0,57.0,57.0,24.0,39.0,165.0,507.0,78.0,90.0,60.0,108.0,36.0,144.0,135.0,654.0,609.0,141.0,549.0,207.0,186.0,180.0,984.0,210.0,75.0,72.0,48.0,168.0,45.0,201.0,147.0,177.0,261.0,78.0,240.0,198.0,123.0,162.0,771.0,453.0,129.0,219.0,129.0,60.0,18.0,72.0,90.0,225.0,171.0,90.0,207.0,93.0,27.0,45.0,204.0,417.0,174.0,135.0,159.0,396.0,48.0,408.0,858.0,141.0,141.0,48.0,156.0,144.0,69.0,171.0,714.0,87.0,21.0,69.0,45.0,15.0,6.0,33.0,15.0,69.0,84.0,42.0,171.0,33.0,33.0,54.0,174.0,78.0,48.0,45.0,39.0,81.0,30.0,153.0,126.0,75.0,99.0,42.0,138.0,90.0,69.0,129.0,795.0,441.0,135.0,93.0,144.0,69.0,36.0,45.0,120.0,192.0,225.0,69.0,210.0,114.0,18.0,45.0,249.0,432.0,234.0,93.0,153.0,381.0,120.0,423.0,723.0,186.0,213.0,69.0,207.0,189.0,123.0,171.0,762.0,435.0,135.0,135.0,81.0,78.0,36.0,108.0,87.0,705.0,1068.0,174.0,924.0,186.0,135.0,183.0,1113.0,720.0,240.0,186.0,240.0,783.0,126.0,846.0,924.0,615.0,783.0,189.0,780.0,903.0,756.0,732.0,4344.0,laranja
10,2826.0,432.0,645.0,321.0,690.0,81.0,411.0,312.0,672.0,384.0,219.0,423.0,222.0,45.0,159.0,408.0,807.0,327.0,192.0,219.0,585.0,87.0,558.0,777.0,171.0,204.0,78.0,174.0,138.0,81.0,159.0,471.0,585.0,99.0,204.0,102.0,150.0,36.0,129.0,105.0,444.0,543.0,192.0,588.0,147.0,123.0,183.0,807.0,234.0,84.0,72.0,72.0,159.0,30.0,159.0,207.0,150.0,159.0,72.0,159.0,108.0,90.0,198.0,615.0,690.0,237.0,138.0,105.0,153.0,54.0,102.0,126.0,225.0,102.0,63.0,174.0,93.0,51.0,45.0,150.0,228.0,81.0,69.0,63.0,186.0,57.0,144.0,177.0,84.0,60.0,30.0,42.0,78.0,33.0,90.0,162.0,471.0,99.0,129.0,75.0,162.0,36.0,132.0,108.0,426.0,705.0,138.0,765.0,207.0,93.0,147.0,714.0,249.0,54.0,57.0,57.0,147.0,36.0,174.0,186.0,201.0,201.0,81.0,156.0,159.0,123.0,225.0,705.0,492.0,81.0,186.0,132.0,114.0,42.0,114.0,96.0,276.0,150.0,84.0,186.0,78.0,48.0,75.0,132.0,540.0,171.0,156.0,156.0,723.0,105.0,798.0,813.0,162.0,138.0,93.0,135.0,141.0,126.0,237.0,900.0,126.0,24.0,39.0,30.0,51.0,0.0,39.0,18.0,66.0,81.0,63.0,141.0,36.0,24.0,21.0,114.0,90.0,39.0,48.0,63.0,99.0,15.0,129.0,123.0,93.0,108.0,39.0,120.0,96.0,114.0,129.0,813.0,438.0,144.0,135.0,168.0,129.0,30.0,111.0,96.0,225.0,150.0,57.0,177.0,78.0,24.0,60.0,159.0,555.0,198.0,153.0,192.0,906.0,114.0,927.0,936.0,186.0,222.0,75.0,168.0,189.0,150.0,255.0,690.0,432.0,66.0,129.0,111.0,93.0,21.0,147.0,138.0,576.0,732.0,243.0,798.0,189.0,129.0,231.0,1113.0,573.0,192.0,222.0,186.0,969.0,174.0,879.0,1125.0,576.0,906.0,180.0,657.0,783.0,840.0,861.0,4377.0,laranja
11,3012.0,534.0,702.0,324.0,549.0,96.0,354.0,330.0,831.0,423.0,276.0,504.0,345.0,102.0,207.0,597.0,798.0,303.0,234.0,186.0,363.0,99.0,384.0,378.0,180.0,192.0,81.0,150.0,168.0,93.0,147.0,498.0,642.0,120.0,213.0,78.0,90.0,18.0,150.0,96.0,420.0,378.0,204.0,420.0,189.0,105.0,231.0,792.0,276.0,90.0,78.0,81.0,126.0,36.0,207.0,189.0,159.0,249.0,99.0,207.0,201.0,102.0,213.0,855.0,723.0,261.0,132.0,144.0,231.0,72.0,126.0,126.0,276.0,165.0,75.0,111.0,90.0,51.0,81.0,183.0,252.0,75.0,90.0,75.0,150.0,33.0,126.0,156.0,57.0,69.0,15.0,102.0,87.0,72.0,45.0,195.0,399.0,87.0,117.0,93.0,162.0,45.0,123.0,144.0,447.0,459.0,174.0,444.0,234.0,174.0,183.0,912.0,204.0,57.0,66.0,84.0,195.0,33.0,159.0,168.0,162.0,156.0,60.0,252.0,183.0,165.0,216.0,792.0,552.0,162.0,231.0,138.0,87.0,27.0,78.0,114.0,273.0,201.0,105.0,237.0,96.0,24.0,66.0,255.0,345.0,195.0,153.0,186.0,309.0,135.0,366.0,771.0,150.0,129.0,81.0,192.0,159.0,129.0,204.0,720.0,87.0,36.0,84.0,45.0,18.0,12.0,30.0,27.0,69.0,129.0,69.0,165.0,63.0,24.0,33.0,123.0,69.0,54.0,57.0,39.0,78.0,18.0,129.0,132.0,69.0,87.0,48.0,153.0,84.0,84.0,147.0,831.0,345.0,129.0,105.0,144.0,84.0,36.0,75.0,123.0,186.0,162.0,69.0,204.0,66.0,36.0,60.0,198.0,375.0,162.0,96.0,165.0,324.0,117.0,321.0,744.0,159.0,174.0,75.0,210.0,168.0,144.0,165.0,738.0,327.0,135.0,105.0,123.0,123.0,27.0,150.0,117.0,474.0,930.0,186.0,897.0,177.0,132.0,183.0,1155.0,525.0,234.0,153.0,237.0,708.0,138.0,750.0,1005.0,489.0,801.0,171.0,693.0,774.0,831.0,732.0,4362.0,laranja
12,2862.0,504.0,816.0,390.0,648.0,84.0,465.0,429.0,714.0,420.0,222.0,465.0,159.0,81.0,129.0,399.0,804.0,216.0,228.0,216.0,618.0,84.0,669.0,600.0,138.0,186.0,51.0,123.0,138.0,87.0,144.0,465.0,534.0,105.0,231.0,87.0,126.0,33.0,147.0,93.0,429.0,657.0,156.0,843.0,132.0,63.0,213.0,735.0,258.0,78.0,63.0,63.0,132.0,30.0,171.0,195.0,123.0,144.0,63.0,195.0,105.0,87.0,138.0,714.0,681.0,192.0,156.0,129.0,231.0,75.0,198.0,120.0,237.0,144.0,72.0,147.0,87.0,57.0,60.0,138.0,246.0,78.0,84.0,57.0,237.0,57.0,210.0,216.0,48.0,48.0,27.0,54.0,72.0,39.0,60.0,153.0,471.0,93.0,129.0,90.0,120.0,18.0,138.0,69.0,570.0,879.0,141.0,933.0,150.0,126.0,162.0,654.0,189.0,51.0,39.0,42.0,195.0,48.0,174.0,171.0,168.0,183.0,42.0,144.0,138.0,123.0,177.0,600.0,459.0,102.0,174.0,114.0,132.0,21.0,111.0,87.0,258.0,153.0,75.0,180.0,72.0,36.0,51.0,135.0,516.0,192.0,171.0,138.0,924.0,120.0,969.0,861.0,159.0,171.0,72.0,156.0,156.0,135.0,210.0,783.0,87.0,15.0,45.0,24.0,12.0,9.0,33.0,21.0,90.0,93.0,45.0,123.0,42.0,27.0,27.0,150.0,81.0,18.0,48.0,24.0,96.0,33.0,189.0,111.0,60.0,96.0,39.0,117.0,72.0,108.0,132.0,867.0,456.0,135.0,147.0,120.0,117.0,27.0,108.0,117.0,183.0,138.0,93.0,138.0,54.0,51.0,51.0,150.0,603.0,159.0,183.0,183.0,1071.0,174.0,1101.0,900.0,189.0,189.0,63.0,174.0,174.0,156.0,246.0,669.0,525.0,69.0,159.0,99.0,120.0,9.0,129.0,105.0,594.0,759.0,198.0,867.0,192.0,108.0,174.0,882.0,537.0,162.0,153.0,150.0,975.0,168.0,750.0,969.0,606.0,912.0,192.0,579.0,717.0,903.0,666.0,3960.0,laranja
13,2913.0,663.0,750.0,519.0,510.0,123.0,399.0,549.0,858.0,573.0,243.0,576.0,234.0,93.0,195.0,615.0,777.0,222.0,264.0,192.0,417.0,90.0,486.0,471.0,189.0,156.0,90.0,198.0,162.0,69.0,192.0,594.0,525.0,87.0,249.0,135.0,93.0,24.0,117.0,99.0,543.0,417.0,165.0,501.0,141.0,96.0,144.0,723.0,249.0,90.0,114.0,51.0,123.0,36.0,174.0,162.0,183.0,138.0,78.0,180.0,147.0,126.0,201.0,909.0,717.0,222.0,165.0,132.0,198.0,75.0,90.0,147.0,252.0,210.0,69.0,150.0,111.0,66.0,66.0,213.0,273.0,60.0,66.0,54.0,132.0,33.0,117.0,144.0,63.0,84.0,30.0,63.0,78.0,36.0,90.0,210.0,456.0,117.0,153.0,54.0,177.0,36.0,105.0,132.0,489.0,561.0,171.0,477.0,168.0,153.0,171.0,882.0,180.0,45.0,108.0,54.0,183.0,27.0,183.0,123.0,213.0,192.0,78.0,219.0,198.0,165.0,201.0,768.0,588.0,141.0,225.0,183.0,105.0,36.0,108.0,120.0,288.0,168.0,81.0,180.0,72.0,39.0,60.0,162.0,441.0,126.0,183.0,180.0,342.0,90.0,459.0,789.0,180.0,129.0,42.0,135.0,132.0,84.0,153.0,687.0,99.0,21.0,66.0,27.0,27.0,3.0,45.0,15.0,102.0,105.0,60.0,147.0,42.0,12.0,42.0,153.0,108.0,36.0,51.0,33.0,90.0,21.0,87.0,108.0,111.0,123.0,27.0,165.0,93.0,102.0,138.0,903.0,489.0,180.0,162.0,147.0,84.0,33.0,45.0,117.0,171.0,210.0,75.0,171.0,51.0,45.0,51.0,162.0,504.0,162.0,105.0,171.0,414.0,141.0,414.0,687.0,174.0,153.0,57.0,135.0,210.0,162.0,138.0,579.0,498.0,114.0,189.0,132.0,84.0,12.0,114.0,177.0,543.0,957.0,159.0,729.0,138.0,144.0,126.0,1065.0,495.0,180.0,201.0,180.0,699.0,105.0,750.0,918.0,567.0,693.0,198.0,666.0,867.0,912.0,591.0,3966.0,laranja
14,2847.0,462.0,1191.0,507.0,468.0,69.0,492.0,333.0,450.0,375.0,225.0,450.0,111.0,54.0,96.0,276.0,651.0,174.0,240.0,141.0,504.0,102.0,672.0,507.0,90.0,102.0,39.0,84.0,48.0,54.0,99.0,360.0,393.0,54.0,288.0,99.0,75.0,15.0,132.0,60.0,357.0,441.0,153.0,606.0,123.0,75.0,132.0,600.0,132.0,24.0,72.0,39.0,114.0,21.0,189.0,174.0,105.0,120.0,54.0,144.0,102.0,99.0,189.0,765.0,1359.0,255.0,303.0,144.0,267.0,48.0,177.0,123.0,282.0,186.0,69.0,144.0,84.0,48.0,39.0,132.0,255.0,45.0,60.0,30.0,249.0,30.0,177.0,123.0,33.0,30.0,9.0,27.0,27.0,42.0,60.0,90.0,492.0,69.0,174.0,69.0,135.0,36.0,108.0,51.0,669.0,603.0,150.0,612.0,231.0,192.0,126.0,570.0,108.0,42.0,33.0,30.0,165.0,18.0,147.0,120.0,105.0,120.0,30.0,117.0,129.0,147.0,153.0,495.0,651.0,132.0,273.0,138.0,102.0,30.0,90.0,75.0,153.0,126.0,60.0,138.0,18.0,15.0,21.0,87.0,675.0,177.0,270.0,183.0,750.0,120.0,954.0,990.0,141.0,147.0,30.0,129.0,117.0,108.0,135.0,681.0,114.0,12.0,51.0,12.0,36.0,3.0,21.0,24.0,105.0,117.0,39.0,114.0,21.0,42.0,33.0,117.0,147.0,18.0,60.0,39.0,129.0,3.0,162.0,156.0,96.0,129.0,54.0,168.0,126.0,168.0,174.0,1302.0,684.0,153.0,165.0,120.0,105.0,30.0,90.0,75.0,234.0,159.0,51.0,135.0,54.0,42.0,18.0,105.0,738.0,168.0,168.0,129.0,879.0,183.0,933.0,627.0,102.0,168.0,24.0,105.0,156.0,132.0,144.0,474.0,441.0,84.0,144.0,45.0,78.0,24.0,87.0,48.0,594.0,732.0,201.0,594.0,189.0,141.0,147.0,555.0,417.0,108.0,141.0,102.0,840.0,93.0,792.0,603.0,447.0,687.0,108.0,483.0,729.0,1167.0,651.0,3405.0,laranja
15,2589.0,408.0,1146.0,489.0,513.0,63.0,486.0,315.0,609.0,567.0,282.0,720.0,123.0,93.0,132.0,513.0,528.0,111.0,180.0,84.0,363.0,63.0,438.0,312.0,69.0,87.0,45.0,126.0,75.0,72.0,102.0,372.0,720.0,90.0,291.0,72.0,132.0,12.0,195.0,81.0,687.0,855.0,351.0,1308.0,144.0,141.0,216.0,1203.0,126.0,30.0,57.0,24.0,159.0,24.0,138.0,90.0,120.0,156.0,51.0,138.0,111.0,117.0,135.0,798.0,1326.0,243.0,339.0,189.0,213.0,21.0,135.0,108.0,219.0,234.0,69.0,198.0,42.0,18.0,51.0,102.0,315.0,60.0,66.0,36.0,225.0,39.0,207.0,123.0,33.0,30.0,3.0,51.0,36.0,33.0,21.0,87.0,855.0,90.0,162.0,123.0,165.0,15.0,129.0,72.0,858.0,1173.0,273.0,1380.0,171.0,153.0,135.0,636.0,189.0,27.0,33.0,39.0,246.0,30.0,117.0,102.0,138.0,237.0,36.0,174.0,156.0,135.0,99.0,408.0,384.0,99.0,207.0,84.0,93.0,0.0,75.0,60.0,147.0,144.0,39.0,144.0,15.0,18.0,42.0,114.0,366.0,120.0,168.0,141.0,411.0,105.0,576.0,702.0,96.0,162.0,63.0,177.0,90.0,111.0,87.0,876.0,69.0,24.0,51.0,24.0,18.0,0.0,30.0,9.0,102.0,120.0,51.0,195.0,33.0,27.0,39.0,159.0,75.0,33.0,3.0,9.0,102.0,24.0,99.0,63.0,78.0,117.0,24.0,177.0,108.0,147.0,126.0,1089.0,522.0,126.0,150.0,129.0,105.0,12.0,63.0,69.0,135.0,165.0,54.0,159.0,21.0,21.0,30.0,60.0,687.0,138.0,234.0,138.0,825.0,156.0,753.0,660.0,108.0,165.0,57.0,156.0,120.0,111.0,111.0,453.0,447.0,138.0,141.0,69.0,78.0,15.0,48.0,66.0,516.0,1092.0,138.0,993.0,105.0,132.0,120.0,558.0,588.0,96.0,120.0,90.0,1131.0,129.0,525.0,480.0,576.0,1023.0,117.0,654.0,720.0,1140.0,414.0,3255.0,laranja
16,2991.0,552.0,1026.0,348.0,534.0,105.0,387.0,282.0,531.0,324.0,198.0,360.0,144.0,60.0,87.0,255.0,606.0,222.0,234.0,159.0,429.0,96.0,546.0,501.0,120.0,93.0,72.0,108.0,114.0,45.0,120.0,294.0,549.0,105.0,240.0,108.0,132.0,15.0,123.0,93.0,369.0,327.0,171.0,408.0,144.0,99.0,162.0,594.0,237.0,60.0,75.0,48.0,156.0,33.0,198.0,213.0,117.0,135.0,66.0,132.0,105.0,144.0,183.0,618.0,1128.0,306.0,273.0,141.0,300.0,84.0,168.0,171.0,258.0,186.0,66.0,144.0,84.0,54.0,51.0,159.0,255.0,102.0,57.0,84.0,189.0,42.0,228.0,156.0,57.0,84.0,27.0,42.0,57.0,45.0,54.0,132.0,396.0,54.0,177.0,87.0,180.0,24.0,132.0,66.0,459.0,429.0,165.0,528.0,207.0,144.0,114.0,549.0,138.0,42.0,66.0,36.0,192.0,39.0,177.0,156.0,108.0,144.0,48.0,141.0,150.0,138.0,171.0,555.0,726.0,138.0,333.0,174.0,126.0,15.0,81.0,57.0,243.0,141.0,75.0,138.0,60.0,36.0,51.0,102.0,582.0,207.0,246.0,246.0,669.0,93.0,711.0,831.0,120.0,165.0,72.0,150.0,165.0,87.0,216.0,687.0,102.0,12.0,84.0,36.0,12.0,9.0,33.0,12.0,99.0,72.0,60.0,141.0,18.0,27.0,57.0,78.0,90.0,24.0,72.0,30.0,105.0,27.0,159.0,186.0,81.0,108.0,48.0,147.0,102.0,141.0,189.0,1101.0,456.0,123.0,156.0,132.0,117.0,18.0,108.0,63.0,216.0,186.0,69.0,120.0,48.0,27.0,57.0,105.0,483.0,168.0,189.0,132.0,783.0,150.0,726.0,711.0,129.0,210.0,69.0,186.0,171.0,162.0,177.0,555.0,279.0,78.0,222.0,102.0,108.0,12.0,87.0,57.0,429.0,675.0,159.0,597.0,201.0,165.0,180.0,696.0,312.0,102.0,138.0,123.0,765.0,129.0,759.0,690.0,318.0,708.0,153.0,447.0,642.0,969.0,657.0,3492.0,laranja
17,2649.0,447.0,1197.0,486.0,441.0,39.0,483.0,369.0,582.0,564.0,291.0,771.0,159.0,93.0,210.0,555.0,510.0,99.0,174.0,132.0,444.0,78.0,522.0,327.0,60.0,141.0,45.0,99.0,81.0,51.0,105.0,498.0,552.0,78.0,291.0,84.0,120.0,15.0,168.0,48.0,603.0,678.0,240.0,1041.0,255.0,132.0,249.0,1068.0,216.0,39.0,63.0,30.0,189.0,18.0,156.0,102.0,126.0,159.0,48.0,165.0,177.0,99.0,186.0,822.0,1230.0,312.0,300.0,204.0,273.0,36.0,132.0,150.0,210.0,228.0,63.0,234.0,51.0,30.0,48.0,135.0,258.0,45.0,57.0,45.0,174.0,27.0,180.0,141.0,54.0,42.0,15.0,48.0,57.0,36.0,36.0,135.0,627.0,75.0,192.0,105.0,186.0,18.0,108.0,57.0,798.0,876.0,237.0,1011.0,195.0,165.0,165.0,747.0,180.0,54.0,51.0,24.0,231.0,12.0,150.0,96.0,156.0,210.0,36.0,153.0,195.0,153.0,159.0,546.0,396.0,81.0,219.0,123.0,84.0,3.0,72.0,75.0,177.0,171.0,54.0,249.0,30.0,9.0,42.0,192.0,435.0,105.0,171.0,153.0,429.0,108.0,477.0,834.0,69.0,129.0,30.0,180.0,93.0,87.0,141.0,753.0,51.0,24.0,45.0,18.0,9.0,3.0,12.0,6.0,78.0,108.0,33.0,177.0,21.0,12.0,27.0,156.0,72.0,15.0,33.0,24.0,93.0,18.0,87.0,63.0,60.0,102.0,33.0,138.0,111.0,75.0,156.0,981.0,543.0,147.0,168.0,111.0,99.0,30.0,72.0,75.0,138.0,159.0,48.0,198.0,30.0,18.0,24.0,93.0,657.0,216.0,159.0,150.0,672.0,102.0,666.0,720.0,132.0,186.0,45.0,141.0,117.0,126.0,123.0,645.0,420.0,63.0,147.0,108.0,60.0,9.0,60.0,36.0,510.0,1092.0,153.0,987.0,114.0,99.0,135.0,696.0,603.0,156.0,114.0,96.0,1032.0,150.0,564.0,675.0,552.0,1020.0,126.0,681.0,750.0,1026.0,423.0,3480.0,laranja
18,2922.0,609.0,945.0,453.0,621.0,105.0,423.0,402.0,579.0,459.0,243.0,357.0,213.0,57.0,141.0,351.0,642.0,243.0,279.0,183.0,525.0,114.0,612.0,636.0,123.0,117.0,54.0,132.0,144.0,87.0,150.0,345.0,576.0,84.0,222.0,111.0,93.0,33.0,147.0,120.0,426.0,363.0,150.0,489.0,105.0,123.0,144.0,687.0,210.0,72.0,75.0,54.0,183.0,48.0,201.0,210.0,96.0,141.0,63.0,165.0,141.0,114.0,198.0,723.0,906.0,177.0,177.0,108.0,288.0,54.0,123.0,162.0,240.0,147.0,63.0,120.0,81.0,57.0,78.0,138.0,198.0,96.0,69.0,63.0,198.0,63.0,213.0,162.0,60.0,87.0,24.0,75.0,66.0,27.0,63.0,111.0,456.0,105.0,171.0,87.0,156.0,27.0,123.0,75.0,552.0,576.0,183.0,525.0,156.0,138.0,168.0,753.0,141.0,63.0,78.0,63.0,150.0,57.0,165.0,186.0,144.0,207.0,78.0,144.0,201.0,111.0,186.0,681.0,624.0,111.0,249.0,129.0,117.0,18.0,93.0,84.0,276.0,171.0,63.0,198.0,81.0,30.0,45.0,153.0,471.0,189.0,234.0,168.0,762.0,111.0,777.0,852.0,153.0,150.0,87.0,174.0,165.0,84.0,228.0,765.0,135.0,36.0,75.0,27.0,24.0,0.0,36.0,9.0,90.0,129.0,48.0,138.0,33.0,27.0,42.0,99.0,87.0,30.0,60.0,36.0,123.0,18.0,147.0,120.0,57.0,138.0,39.0,165.0,120.0,105.0,162.0,915.0,474.0,120.0,180.0,150.0,129.0,33.0,96.0,87.0,183.0,216.0,66.0,177.0,75.0,39.0,33.0,147.0,507.0,231.0,171.0,156.0,942.0,171.0,885.0,777.0,171.0,219.0,72.0,177.0,204.0,207.0,243.0,564.0,420.0,60.0,177.0,99.0,111.0,0.0,93.0,66.0,528.0,822.0,213.0,717.0,225.0,114.0,201.0,846.0,393.0,132.0,174.0,114.0,816.0,141.0,735.0,771.0,354.0,759.0,177.0,645.0,744.0,963.0,654.0,3774.0,laranja
19,2769.0,474.0,960.0,423.0,597.0,96.0,480.0,318.0,672.0,477.0,282.0,564.0,261.0,93.0,156.0,483.0,597.0,201.0,192.0,132.0,426.0,36.0,411.0,285.0,138.0,135.0,54.0,123.0,108.0,54.0,198.0,363.0,636.0,84.0,330.0,105.0,162.0,24.0,150.0,90.0,576.0,528.0,165.0,615.0,189.0,105.0,162.0,912.0,240.0,99.0,81.0,51.0,153.0,45.0,189.0,96.0,162.0,201.0,63.0,153.0,183.0,147.0,186.0,738.0,948.0,297.0,228.0,180.0,240.0,75.0,129.0,126.0,225.0,204.0,75.0,192.0,84.0,57.0,96.0,174.0,237.0,114.0,51.0,75.0,195.0,39.0,129.0,174.0,63.0,72.0,27.0,66.0,99.0,33.0,84.0,180.0,486.0,114.0,177.0,60.0,123.0,18.0,144.0,78.0,609.0,648.0,228.0,633.0,171.0,126.0,153.0,732.0,159.0,63.0,93.0,39.0,216.0,33.0,180.0,93.0,186.0,201.0,90.0,168.0,204.0,180.0,195.0,636.0,441.0,102.0,246.0,138.0,96.0,24.0,81.0,90.0,225.0,162.0,105.0,183.0,87.0,42.0,54.0,156.0,348.0,153.0,150.0,153.0,342.0,84.0,390.0,816.0,162.0,165.0,60.0,165.0,147.0,123.0,141.0,699.0,93.0,15.0,84.0,27.0,27.0,3.0,24.0,36.0,63.0,120.0,60.0,180.0,24.0,12.0,33.0,99.0,102.0,36.0,57.0,21.0,99.0,15.0,126.0,81.0,105.0,132.0,60.0,147.0,123.0,57.0,129.0,849.0,411.0,105.0,174.0,120.0,93.0,24.0,63.0,81.0,144.0,165.0,108.0,162.0,60.0,30.0,45.0,132.0,504.0,165.0,153.0,165.0,405.0,165.0,390.0,744.0,126.0,198.0,54.0,186.0,216.0,105.0,180.0,573.0,375.0,111.0,213.0,132.0,69.0,15.0,102.0,84.0,444.0,858.0,153.0,936.0,159.0,81.0,150.0,741.0,525.0,204.0,180.0,135.0,933.0,108.0,714.0,750.0,540.0,921.0,150.0,690.0,723.0,987.0,543.0,3633.0,laranja
20,2517.0,402.0,768.0,393.0,468.0,93.0,513.0,498.0,663.0,423.0,228.0,576.0,126.0,66.0,150.0,546.0,684.0,144.0,177.0,147.0,549.0,99.0,813.0,930.0,117.0,105.0,39.0,144.0,147.0,99.0,168.0,624.0,531.0,96.0,174.0,63.0,135.0,21.0,99.0,75.0,525.0,519.0,213.0,696.0,102.0,72.0,171.0,837.0,183.0,54.0,42.0,45.0,156.0,36.0,138.0,132.0,99.0,78.0,39.0,120.0,93.0,96.0,180.0,831.0,843.0,180.0,285.0,114.0,192.0,30.0,126.0,141.0,177.0,162.0,51.0,174.0,66.0,39.0,42.0,138.0,225.0,66.0,75.0,48.0,219.0,27.0,150.0,147.0,45.0,42.0,36.0,45.0,51.0,36.0,45.0,174.0,609.0,84.0,123.0,114.0,126.0,33.0,87.0,111.0,675.0,879.0,156.0,825.0,126.0,138.0,120.0,693.0,183.0,54.0,39.0,45.0,162.0,60.0,156.0,180.0,183.0,165.0,54.0,183.0,114.0,213.0,174.0,864.0,408.0,105.0,186.0,141.0,81.0,30.0,99.0,114.0,144.0,123.0,45.0,147.0,45.0,45.0,36.0,144.0,537.0,123.0,171.0,171.0,690.0,90.0,750.0,1053.0,108.0,120.0,63.0,150.0,135.0,129.0,144.0,882.0,120.0,15.0,42.0,36.0,30.0,6.0,21.0,18.0,108.0,84.0,69.0,108.0,30.0,33.0,30.0,150.0,72.0,27.0,33.0,30.0,162.0,42.0,168.0,201.0,96.0,108.0,39.0,195.0,135.0,210.0,246.0,1107.0,561.0,111.0,153.0,114.0,90.0,27.0,108.0,105.0,186.0,153.0,39.0,147.0,66.0,21.0,66.0,132.0,741.0,153.0,186.0,171.0,888.0,117.0,915.0,978.0,159.0,180.0,72.0,177.0,147.0,183.0,222.0,876.0,588.0,84.0,129.0,102.0,93.0,33.0,150.0,126.0,699.0,906.0,177.0,915.0,165.0,195.0,213.0,1086.0,783.0,147.0,186.0,171.0,1092.0,225.0,873.0,1122.0,786.0,966.0,195.0,993.0,909.0,1128.0,1029.0,6360.0,limao
21,2451.0,519.0,813.0,561.0,327.0,87.0,420.0,474.0,465.0,543.0,165.0,759.0,102.0,72.0,123.0,633.0,444.0,111.0,219.0,141.0,354.0,66.0,585.0,537.0,96.0,87.0,81.0,132.0,105.0,90.0,111.0,660.0,438.0,114.0,192.0,96.0,126.0,45.0,120.0,78.0,501.0,579.0,198.0,915.0,183.0,99.0,174.0,1086.0,117.0,39.0,96.0,48.0,84.0,36.0,129.0,99.0,102.0,102.0,54.0,138.0,111.0,102.0,159.0,903.0,924.0,219.0,180.0,171.0,186.0,78.0,117.0,117.0,231.0,255.0,57.0,135.0,57.0,60.0,84.0,219.0,153.0,63.0,66.0,57.0,132.0,54.0,162.0,126.0,48.0,48.0,33.0,57.0,48.0,45.0,54.0,177.0,558.0,114.0,102.0,78.0,117.0,21.0,90.0,93.0,759.0,1137.0,186.0,972.0,117.0,186.0,153.0,918.0,150.0,30.0,42.0,42.0,123.0,63.0,132.0,138.0,180.0,156.0,33.0,249.0,159.0,168.0,192.0,1098.0,519.0,165.0,201.0,129.0,81.0,30.0,81.0,72.0,135.0,147.0,60.0,132.0,57.0,33.0,48.0,132.0,498.0,117.0,228.0,153.0,459.0,105.0,870.0,795.0,72.0,108.0,51.0,126.0,129.0,126.0,114.0,819.0,144.0,57.0,45.0,48.0,24.0,15.0,60.0,27.0,105.0,141.0,45.0,174.0,33.0,36.0,21.0,177.0,93.0,30.0,27.0,51.0,108.0,18.0,222.0,183.0,78.0,147.0,51.0,195.0,123.0,135.0,198.0,1275.0,648.0,135.0,177.0,132.0,96.0,48.0,84.0,75.0,144.0,177.0,51.0,141.0,60.0,33.0,36.0,147.0,633.0,162.0,141.0,144.0,771.0,147.0,825.0,771.0,120.0,180.0,60.0,180.0,126.0,177.0,150.0,1071.0,501.0,120.0,144.0,105.0,84.0,42.0,81.0,78.0,756.0,1242.0,147.0,873.0,120.0,255.0,93.0,933.0,690.0,150.0,192.0,162.0,810.0,195.0,960.0,828.0,711.0,918.0,246.0,1206.0,1044.0,1527.0,1227.0,8064.0,limao
22,2586.0,378.0,582.0,402.0,531.0,105.0,492.0,459.0,606.0,411.0,237.0,459.0,177.0,84.0,168.0,504.0,678.0,213.0,216.0,195.0,567.0,126.0,612.0,987.0,162.0,144.0,72.0,180.0,120.0,108.0,183.0,714.0,465.0,99.0,153.0,102.0,147.0,45.0,117.0,87.0,423.0,489.0,177.0,567.0,120.0,84.0,126.0,705.0,168.0,66.0,66.0,60.0,132.0,36.0,144.0,249.0,150.0,126.0,87.0,141.0,111.0,99.0,150.0,648.0,687.0,129.0,207.0,120.0,183.0,48.0,132.0,156.0,213.0,138.0,87.0,108.0,87.0,21.0,54.0,114.0,237.0,93.0,60.0,45.0,198.0,33.0,183.0,174.0,51.0,81.0,39.0,48.0,48.0,42.0,75.0,216.0,453.0,117.0,111.0,117.0,159.0,27.0,102.0,105.0,573.0,672.0,129.0,711.0,123.0,135.0,174.0,732.0,168.0,33.0,102.0,72.0,162.0,48.0,159.0,246.0,180.0,153.0,63.0,219.0,150.0,150.0,168.0,1041.0,417.0,105.0,180.0,111.0,108.0,39.0,111.0,108.0,240.0,129.0,108.0,150.0,78.0,45.0,72.0,171.0,522.0,162.0,183.0,132.0,624.0,138.0,849.0,813.0,135.0,150.0,93.0,180.0,195.0,120.0,168.0,903.0,111.0,39.0,48.0,30.0,69.0,15.0,33.0,24.0,111.0,90.0,42.0,129.0,45.0,36.0,54.0,198.0,102.0,51.0,39.0,45.0,129.0,36.0,162.0,180.0,84.0,111.0,48.0,159.0,108.0,144.0,162.0,1050.0,477.0,141.0,129.0,108.0,108.0,30.0,102.0,123.0,201.0,147.0,69.0,153.0,69.0,54.0,60.0,219.0,651.0,165.0,180.0,186.0,855.0,204.0,846.0,984.0,159.0,162.0,66.0,177.0,204.0,195.0,204.0,1014.0,546.0,141.0,123.0,114.0,159.0,24.0,123.0,153.0,705.0,759.0,153.0,795.0,195.0,204.0,189.0,1143.0,603.0,168.0,111.0,174.0,951.0,201.0,846.0,1191.0,627.0,840.0,213.0,936.0,747.0,1071.0,1083.0,7431.0,limao
23,2352.0,369.0,861.0,510.0,318.0,75.0,441.0,492.0,468.0,516.0,180.0,741.0,120.0,102.0,114.0,873.0,351.0,120.0,237.0,123.0,378.0,54.0,534.0,603.0,102.0,105.0,78.0,138.0,129.0,78.0,135.0,597.0,462.0,147.0,183.0,105.0,102.0,27.0,141.0,96.0,477.0,603.0,144.0,852.0,129.0,150.0,192.0,996.0,144.0,45.0,69.0,63.0,144.0,24.0,162.0,156.0,135.0,129.0,72.0,159.0,105.0,144.0,186.0,918.0,756.0,234.0,153.0,132.0,180.0,84.0,132.0,147.0,153.0,219.0,48.0,222.0,51.0,72.0,84.0,180.0,132.0,84.0,39.0,75.0,174.0,63.0,174.0,165.0,30.0,51.0,48.0,60.0,75.0,63.0,48.0,204.0,429.0,102.0,129.0,81.0,105.0,54.0,123.0,81.0,693.0,828.0,180.0,921.0,147.0,195.0,165.0,891.0,186.0,51.0,54.0,60.0,123.0,57.0,147.0,153.0,177.0,177.0,42.0,264.0,168.0,189.0,219.0,954.0,408.0,123.0,162.0,123.0,78.0,27.0,84.0,87.0,132.0,171.0,66.0,141.0,39.0,48.0,51.0,192.0,402.0,90.0,213.0,168.0,399.0,60.0,630.0,792.0,120.0,111.0,45.0,168.0,123.0,114.0,168.0,912.0,96.0,63.0,69.0,48.0,45.0,18.0,42.0,27.0,93.0,117.0,48.0,183.0,24.0,42.0,42.0,171.0,111.0,27.0,75.0,57.0,153.0,54.0,159.0,177.0,114.0,93.0,60.0,153.0,90.0,138.0,171.0,1209.0,606.0,141.0,138.0,135.0,93.0,39.0,102.0,90.0,159.0,204.0,57.0,177.0,54.0,63.0,66.0,153.0,687.0,198.0,186.0,162.0,615.0,129.0,666.0,702.0,144.0,138.0,66.0,138.0,162.0,180.0,147.0,987.0,552.0,120.0,144.0,123.0,105.0,33.0,108.0,87.0,744.0,1074.0,177.0,753.0,180.0,225.0,168.0,870.0,810.0,195.0,174.0,198.0,906.0,159.0,888.0,861.0,708.0,861.0,249.0,1122.0,1101.0,1398.0,1035.0,8244.0,limao
24,2571.0,354.0,531.0,339.0,513.0,87.0,513.0,489.0,567.0,345.0,192.0,531.0,198.0,81.0,159.0,648.0,699.0,174.0,168.0,150.0,531.0,102.0,711.0,858.0,168.0,138.0,60.0,153.0,111.0,75.0,177.0,762.0,549.0,81.0,150.0,111.0,135.0,39.0,102.0,111.0,411.0,444.0,159.0,561.0,114.0,90.0,168.0,783.0,183.0,84.0,63.0,51.0,108.0,54.0,165.0,198.0,114.0,141.0,78.0,156.0,99.0,102.0,156.0,726.0,600.0,132.0,213.0,132.0,150.0,72.0,135.0,114.0,171.0,147.0,54.0,159.0,72.0,72.0,42.0,123.0,144.0,78.0,42.0,72.0,195.0,60.0,183.0,246.0,78.0,60.0,36.0,87.0,66.0,60.0,102.0,210.0,444.0,99.0,99.0,93.0,126.0,48.0,99.0,147.0,576.0,663.0,156.0,708.0,159.0,129.0,138.0,759.0,186.0,57.0,21.0,72.0,159.0,84.0,129.0,165.0,168.0,168.0,81.0,213.0,165.0,132.0,225.0,966.0,417.0,63.0,141.0,90.0,147.0,18.0,90.0,120.0,177.0,111.0,84.0,183.0,69.0,42.0,45.0,186.0,459.0,108.0,177.0,147.0,732.0,126.0,906.0,840.0,120.0,129.0,57.0,171.0,156.0,117.0,177.0,927.0,90.0,39.0,48.0,39.0,57.0,27.0,51.0,48.0,75.0,117.0,69.0,171.0,48.0,33.0,81.0,183.0,129.0,33.0,51.0,63.0,159.0,42.0,126.0,168.0,69.0,93.0,66.0,123.0,123.0,153.0,174.0,1098.0,405.0,102.0,114.0,108.0,102.0,39.0,102.0,147.0,192.0,99.0,90.0,144.0,66.0,66.0,60.0,168.0,618.0,165.0,159.0,147.0,996.0,168.0,1137.0,1017.0,189.0,174.0,120.0,204.0,195.0,162.0,234.0,936.0,597.0,102.0,147.0,138.0,138.0,57.0,141.0,123.0,777.0,720.0,225.0,894.0,165.0,180.0,192.0,1071.0,777.0,174.0,162.0,204.0,1017.0,192.0,795.0,1197.0,816.0,981.0,192.0,1020.0,807.0,1134.0,1044.0,7458.0,limao
25,2367.0,405.0,759.0,585.0,354.0,93.0,471.0,534.0,492.0,480.0,216.0,828.0,165.0,126.0,183.0,1194.0,486.0,90.0,189.0,153.0,426.0,84.0,453.0,651.0,84.0,105.0,78.0,192.0,93.0,123.0,153.0,768.0,420.0,78.0,141.0,120.0,78.0,39.0,120.0,123.0,537.0,615.0,156.0,708.0,132.0,150.0,165.0,981.0,138.0,72.0,66.0,72.0,114.0,33.0,198.0,204.0,123.0,138.0,63.0,174.0,150.0,138.0,198.0,867.0,825.0,150.0,150.0,117.0,138.0,57.0,99.0,111.0,165.0,144.0,42.0,132.0,81.0,78.0,81.0,183.0,186.0,75.0,48.0,84.0,180.0,57.0,123.0,183.0,42.0,63.0,39.0,63.0,66.0,75.0,66.0,204.0,546.0,96.0,135.0,102.0,93.0,48.0,129.0,129.0,717.0,792.0,168.0,801.0,201.0,192.0,186.0,957.0,204.0,87.0,51.0,99.0,162.0,51.0,165.0,189.0,168.0,225.0,72.0,240.0,174.0,234.0,180.0,1035.0,405.0,99.0,123.0,117.0,75.0,27.0,90.0,126.0,123.0,123.0,66.0,159.0,27.0,30.0,54.0,207.0,429.0,96.0,117.0,141.0,357.0,84.0,507.0,744.0,114.0,123.0,63.0,162.0,120.0,111.0,132.0,837.0,111.0,42.0,42.0,39.0,18.0,15.0,42.0,42.0,105.0,126.0,72.0,180.0,54.0,30.0,45.0,174.0,144.0,60.0,78.0,81.0,99.0,57.0,198.0,171.0,111.0,114.0,102.0,213.0,150.0,159.0,222.0,1134.0,501.0,147.0,123.0,153.0,78.0,63.0,81.0,96.0,198.0,180.0,69.0,189.0,72.0,87.0,72.0,201.0,597.0,147.0,189.0,198.0,561.0,150.0,531.0,837.0,171.0,162.0,69.0,162.0,174.0,219.0,204.0,927.0,564.0,105.0,138.0,132.0,93.0,57.0,126.0,102.0,747.0,978.0,192.0,948.0,150.0,150.0,192.0,939.0,816.0,162.0,210.0,201.0,846.0,186.0,870.0,915.0,783.0,888.0,198.0,1050.0,900.0,1125.0,942.0,8163.0,limao
26,2250.0,285.0,555.0,402.0,501.0,99.0,576.0,576.0,561.0,345.0,171.0,546.0,159.0,87.0,162.0,681.0,633.0,144.0,156.0,189.0,546.0,123.0,843.0,1209.0,129.0,144.0,54.0,129.0,138.0,111.0,135.0,780.0,426.0,84.0,153.0,87.0,72.0,30.0,108.0,96.0,474.0,366.0,129.0,561.0,99.0,96.0,156.0,717.0,213.0,51.0,60.0,72.0,138.0,66.0,156.0,180.0,93.0,102.0,42.0,183.0,99.0,111.0,168.0,801.0,729.0,153.0,171.0,144.0,123.0,54.0,96.0,126.0,171.0,105.0,51.0,147.0,63.0,54.0,39.0,168.0,228.0,63.0,63.0,63.0,195.0,60.0,171.0,174.0,66.0,63.0,33.0,51.0,51.0,51.0,57.0,198.0,522.0,114.0,90.0,72.0,129.0,51.0,162.0,102.0,657.0,630.0,144.0,636.0,156.0,120.0,150.0,756.0,180.0,54.0,60.0,48.0,177.0,54.0,129.0,171.0,111.0,177.0,48.0,201.0,138.0,174.0,186.0,975.0,405.0,60.0,102.0,99.0,135.0,45.0,123.0,120.0,168.0,120.0,75.0,168.0,48.0,51.0,72.0,123.0,447.0,138.0,156.0,129.0,744.0,84.0,1053.0,1062.0,147.0,123.0,57.0,156.0,111.0,99.0,186.0,966.0,96.0,30.0,72.0,45.0,36.0,21.0,48.0,21.0,102.0,84.0,63.0,129.0,33.0,21.0,54.0,192.0,96.0,48.0,51.0,87.0,114.0,24.0,141.0,165.0,123.0,126.0,36.0,150.0,96.0,75.0,192.0,999.0,510.0,114.0,120.0,84.0,111.0,54.0,102.0,132.0,165.0,159.0,63.0,156.0,66.0,69.0,42.0,177.0,801.0,138.0,168.0,156.0,1200.0,165.0,1161.0,1002.0,165.0,159.0,66.0,186.0,138.0,171.0,216.0,1062.0,624.0,105.0,96.0,111.0,99.0,36.0,108.0,135.0,909.0,768.0,192.0,930.0,204.0,150.0,177.0,960.0,927.0,168.0,156.0,189.0,1206.0,177.0,819.0,1044.0,960.0,1011.0,204.0,930.0,873.0,1137.0,1077.0,7599.0,limao
27,2424.0,387.0,621.0,504.0,402.0,81.0,477.0,561.0,549.0,429.0,189.0,762.0,159.0,123.0,204.0,978.0,465.0,138.0,153.0,162.0,444.0,96.0,468.0,561.0,159.0,153.0,45.0,150.0,102.0,90.0,138.0,687.0,459.0,108.0,162.0,96.0,120.0,33.0,99.0,84.0,564.0,744.0,189.0,861.0,147.0,138.0,156.0,1020.0,225.0,51.0,42.0,33.0,144.0,36.0,174.0,162.0,135.0,120.0,60.0,159.0,81.0,123.0,162.0,933.0,759.0,165.0,147.0,135.0,180.0,30.0,84.0,111.0,159.0,156.0,63.0,141.0,54.0,51.0,51.0,204.0,162.0,75.0,63.0,63.0,126.0,36.0,147.0,168.0,78.0,33.0,33.0,69.0,63.0,39.0,60.0,195.0,558.0,99.0,135.0,93.0,123.0,18.0,129.0,84.0,831.0,1044.0,159.0,957.0,189.0,153.0,120.0,972.0,216.0,45.0,51.0,51.0,159.0,39.0,147.0,198.0,228.0,174.0,90.0,210.0,162.0,177.0,180.0,975.0,426.0,105.0,129.0,99.0,72.0,21.0,87.0,102.0,204.0,129.0,78.0,129.0,45.0,39.0,42.0,195.0,423.0,129.0,141.0,135.0,327.0,78.0,450.0,678.0,144.0,96.0,60.0,165.0,105.0,90.0,114.0,873.0,117.0,45.0,72.0,36.0,24.0,6.0,45.0,18.0,120.0,87.0,45.0,138.0,27.0,30.0,42.0,171.0,117.0,30.0,66.0,63.0,96.0,45.0,135.0,147.0,99.0,117.0,27.0,180.0,102.0,120.0,165.0,1125.0,621.0,159.0,153.0,108.0,99.0,57.0,81.0,105.0,207.0,126.0,54.0,183.0,45.0,24.0,39.0,192.0,666.0,201.0,168.0,147.0,528.0,120.0,480.0,735.0,162.0,159.0,81.0,249.0,144.0,180.0,168.0,900.0,771.0,87.0,168.0,126.0,126.0,33.0,123.0,147.0,1149.0,1086.0,216.0,972.0,138.0,156.0,192.0,1041.0,1017.0,177.0,177.0,153.0,918.0,186.0,747.0,984.0,1062.0,1071.0,318.0,1044.0,1011.0,1194.0,981.0,6882.0,limao
28,1764.0,324.0,678.0,528.0,327.0,33.0,408.0,567.0,513.0,492.0,168.0,846.0,96.0,42.0,96.0,966.0,588.0,135.0,168.0,144.0,471.0,30.0,861.0,1401.0,135.0,93.0,18.0,114.0,102.0,42.0,129.0,1461.0,273.0,42.0,117.0,45.0,78.0,9.0,75.0,63.0,450.0,645.0,138.0,1248.0,54.0,69.0,138.0,1629.0,90.0,6.0,27.0,18.0,72.0,12.0,105.0,102.0,84.0,63.0,18.0,87.0,93.0,63.0,126.0,1167.0,723.0,132.0,171.0,126.0,105.0,15.0,132.0,42.0,168.0,231.0,42.0,177.0,18.0,15.0,48.0,90.0,102.0,3.0,21.0,24.0,117.0,12.0,99.0,120.0,30.0,27.0,18.0,33.0,21.0,24.0,27.0,120.0,537.0,72.0,96.0,42.0,96.0,3.0,57.0,27.0,966.0,1812.0,144.0,1746.0,114.0,135.0,144.0,1104.0,129.0,12.0,15.0,21.0,123.0,18.0,150.0,147.0,123.0,99.0,27.0,132.0,96.0,141.0,138.0,945.0,444.0,138.0,117.0,87.0,30.0,6.0,57.0,81.0,99.0,99.0,12.0,78.0,12.0,6.0,9.0,84.0,486.0,120.0,204.0,174.0,522.0,84.0,1404.0,1809.0,87.0,78.0,12.0,135.0,69.0,51.0,126.0,726.0,12.0,12.0,21.0,21.0,6.0,3.0,15.0,9.0,36.0,72.0,6.0,54.0,24.0,15.0,18.0,81.0,48.0,6.0,21.0,30.0,66.0,6.0,117.0,141.0,60.0,48.0,15.0,105.0,57.0,63.0,120.0,1050.0,468.0,117.0,108.0,90.0,51.0,9.0,21.0,84.0,138.0,180.0,27.0,138.0,21.0,6.0,27.0,138.0,762.0,84.0,150.0,120.0,927.0,87.0,1227.0,822.0,132.0,96.0,15.0,153.0,111.0,150.0,162.0,897.0,429.0,51.0,78.0,51.0,60.0,15.0,66.0,57.0,1170.0,2178.0,84.0,840.0,84.0,201.0,117.0,861.0,819.0,75.0,78.0,108.0,1119.0,72.0,819.0,774.0,1218.0,861.0,117.0,939.0,933.0,885.0,969.0,6825.0,limao
29,1812.0,339.0,525.0,429.0,216.0,21.0,390.0,462.0,441.0,423.0,78.0,660.0,63.0,51.0,90.0,864.0,474.0,81.0,132.0,147.0,384.0,36.0,915.0,1248.0,96.0,75.0,45.0,138.0,48.0,69.0,105.0,1191.0,219.0,24.0,66.0,42.0,51.0,9.0,51.0,48.0,417.0,612.0,120.0,1143.0,69.0,51.0,111.0,1518.0,87.0,12.0,21.0,21.0,75.0,27.0,93.0,93.0,54.0,93.0,18.0,129.0,63.0,102.0,111.0,1011.0,555.0,108.0,162.0,75.0,51.0,9.0,93.0,57.0,90.0,114.0,39.0,150.0,9.0,39.0,18.0,117.0,99.0,9.0,30.0,33.0,96.0,21.0,117.0,126.0,27.0,21.0,12.0,48.0,33.0,33.0,33.0,168.0,435.0,69.0,75.0,66.0,51.0,24.0,96.0,84.0,885.0,1503.0,105.0,1659.0,87.0,120.0,120.0,984.0,96.0,39.0,24.0,63.0,93.0,24.0,159.0,171.0,132.0,117.0,48.0,192.0,129.0,159.0,180.0,1047.0,348.0,93.0,108.0,78.0,24.0,9.0,57.0,60.0,111.0,102.0,36.0,66.0,15.0,15.0,30.0,84.0,447.0,120.0,123.0,162.0,672.0,69.0,1674.0,1695.0,60.0,54.0,36.0,138.0,63.0,78.0,93.0,792.0,45.0,12.0,9.0,6.0,24.0,12.0,15.0,24.0,39.0,78.0,30.0,144.0,27.0,21.0,27.0,159.0,48.0,12.0,57.0,36.0,57.0,39.0,132.0,168.0,72.0,75.0,30.0,150.0,84.0,132.0,174.0,1083.0,507.0,93.0,72.0,66.0,30.0,9.0,33.0,93.0,183.0,162.0,45.0,144.0,33.0,45.0,57.0,183.0,825.0,105.0,171.0,129.0,1077.0,99.0,1542.0,750.0,102.0,132.0,45.0,171.0,111.0,180.0,174.0,1005.0,558.0,75.0,78.0,96.0,57.0,24.0,60.0,108.0,1380.0,1728.0,120.0,885.0,153.0,168.0,171.0,864.0,864.0,111.0,108.0,159.0,1371.0,156.0,897.0,873.0,1239.0,768.0,213.0,1017.0,912.0,1104.0,1041.0,8457.0,limao
30,1977.0,456.0,522.0,441.0,246.0,30.0,321.0,480.0,498.0,495.0,111.0,744.0,96.0,72.0,87.0,909.0,435.0,117.0,150.0,189.0,360.0,51.0,642.0,1176.0,123.0,57.0,48.0,141.0,69.0,63.0,120.0,1281.0,237.0,66.0,105.0,75.0,69.0,12.0,84.0,75.0,462.0,714.0,135.0,1296.0,78.0,111.0,147.0,1737.0,84.0,21.0,21.0,30.0,93.0,15.0,90.0,105.0,81.0,78.0,45.0,171.0,78.0,72.0,150.0,999.0,486.0,132.0,132.0,87.0,60.0,18.0,84.0,57.0,201.0,222.0,36.0,183.0,9.0,33.0,21.0,117.0,114.0,30.0,36.0,18.0,72.0,21.0,96.0,135.0,21.0,27.0,9.0,45.0,39.0,30.0,27.0,234.0,441.0,78.0,54.0,87.0,60.0,15.0,84.0,105.0,912.0,1263.0,144.0,1590.0,117.0,141.0,123.0,1173.0,105.0,30.0,60.0,33.0,129.0,33.0,117.0,189.0,135.0,132.0,48.0,273.0,150.0,177.0,174.0,1086.0,456.0,105.0,96.0,84.0,42.0,12.0,39.0,69.0,111.0,99.0,30.0,96.0,15.0,27.0,27.0,90.0,516.0,114.0,174.0,141.0,417.0,90.0,1122.0,1611.0,69.0,75.0,33.0,138.0,57.0,93.0,120.0,798.0,63.0,24.0,15.0,36.0,3.0,12.0,9.0,21.0,111.0,96.0,18.0,180.0,24.0,24.0,48.0,186.0,84.0,42.0,21.0,48.0,69.0,27.0,117.0,138.0,45.0,69.0,15.0,186.0,57.0,126.0,144.0,906.0,567.0,99.0,72.0,48.0,111.0,27.0,66.0,81.0,255.0,156.0,36.0,120.0,33.0,12.0,51.0,138.0,747.0,93.0,150.0,129.0,921.0,117.0,1434.0,717.0,147.0,129.0,42.0,207.0,126.0,165.0,219.0,921.0,513.0,111.0,87.0,81.0,84.0,24.0,93.0,117.0,1368.0,1491.0,126.0,879.0,123.0,168.0,147.0,1056.0,822.0,132.0,162.0,162.0,1518.0,168.0,819.0,867.0,1356.0,843.0,219.0,1152.0,1101.0,873.0,1005.0,7011.0,limao
31,2082.0,495.0,762.0,561.0,294.0,30.0,438.0,483.0,654.0,576.0,135.0,750.0,144.0,24.0,75.0,621.0,639.0,180.0,195.0,177.0,411.0,57.0,885.0,1320.0,159.0,78.0,24.0,153.0,96.0,51.0,108.0,1014.0,273.0,51.0,147.0,87.0,39.0,12.0,69.0,33.0,450.0,654.0,105.0,858.0,87.0,72.0,135.0,924.0,174.0,12.0,42.0,24.0,69.0,12.0,111.0,162.0,90.0,96.0,21.0,138.0,99.0,36.0,126.0,996.0,816.0,213.0,246.0,114.0,144.0,27.0,117.0,81.0,213.0,249.0,48.0,186.0,24.0,30.0,33.0,114.0,135.0,21.0,60.0,36.0,99.0,9.0,108.0,75.0,24.0,27.0,3.0,45.0,33.0,21.0,36.0,165.0,405.0,60.0,123.0,69.0,69.0,6.0,48.0,66.0,1095.0,1764.0,138.0,1320.0,144.0,213.0,105.0,1080.0,90.0,21.0,15.0,30.0,90.0,21.0,126.0,162.0,105.0,108.0,36.0,147.0,105.0,171.0,174.0,954.0,513.0,186.0,192.0,141.0,54.0,21.0,69.0,66.0,177.0,144.0,27.0,93.0,36.0,12.0,24.0,87.0,516.0,126.0,276.0,252.0,495.0,102.0,1215.0,1638.0,93.0,90.0,27.0,102.0,57.0,45.0,87.0,663.0,24.0,12.0,24.0,12.0,3.0,0.0,6.0,12.0,36.0,81.0,15.0,120.0,12.0,6.0,15.0,75.0,48.0,12.0,24.0,39.0,51.0,9.0,222.0,222.0,75.0,69.0,33.0,108.0,51.0,75.0,168.0,897.0,537.0,174.0,111.0,75.0,24.0,21.0,48.0,66.0,219.0,225.0,18.0,111.0,24.0,36.0,27.0,132.0,564.0,75.0,150.0,105.0,621.0,87.0,912.0,675.0,159.0,141.0,39.0,150.0,117.0,126.0,195.0,861.0,483.0,78.0,72.0,63.0,57.0,9.0,72.0,81.0,1272.0,2019.0,84.0,729.0,165.0,171.0,120.0,828.0,729.0,78.0,102.0,126.0,1017.0,66.0,993.0,918.0,1152.0,789.0,183.0,762.0,972.0,963.0,984.0,6060.0,limao
32,1665.0,381.0,615.0,486.0,303.0,42.0,342.0,369.0,486.0,465.0,126.0,666.0,57.0,39.0,84.0,693.0,522.0,123.0,186.0,174.0,423.0,42.0,882.0,1197.0,114.0,63.0,15.0,105.0,63.0,51.0,69.0,963.0,288.0,54.0,93.0,60.0,75.0,3.0,54.0,54.0,300.0,672.0,84.0,1113.0,75.0,75.0,126.0,1251.0,90.0,15.0,30.0,15.0,57.0,24.0,69.0,126.0,102.0,66.0,21.0,99.0,60.0,69.0,90.0,996.0,624.0,123.0,201.0,87.0,87.0,6.0,81.0,60.0,213.0,186.0,39.0,111.0,15.0,30.0,39.0,108.0,81.0,21.0,12.0,12.0,93.0,21.0,102.0,78.0,15.0,30.0,18.0,42.0,27.0,39.0,39.0,186.0,411.0,54.0,87.0,102.0,66.0,6.0,57.0,75.0,975.0,1473.0,111.0,1503.0,63.0,81.0,84.0,933.0,81.0,6.0,6.0,33.0,102.0,33.0,144.0,174.0,123.0,75.0,24.0,165.0,120.0,150.0,195.0,1047.0,498.0,126.0,108.0,132.0,54.0,21.0,48.0,57.0,99.0,84.0,24.0,72.0,6.0,9.0,15.0,84.0,621.0,120.0,150.0,171.0,792.0,90.0,1776.0,1551.0,90.0,93.0,18.0,114.0,48.0,75.0,123.0,567.0,36.0,27.0,33.0,12.0,12.0,3.0,3.0,12.0,21.0,54.0,15.0,57.0,6.0,30.0,30.0,96.0,42.0,12.0,9.0,24.0,66.0,15.0,90.0,162.0,36.0,54.0,39.0,144.0,93.0,126.0,144.0,1047.0,486.0,78.0,84.0,63.0,33.0,12.0,51.0,57.0,153.0,168.0,9.0,123.0,24.0,42.0,24.0,144.0,906.0,87.0,114.0,90.0,1104.0,72.0,1500.0,699.0,180.0,144.0,45.0,198.0,90.0,162.0,219.0,1017.0,489.0,84.0,42.0,60.0,39.0,9.0,57.0,117.0,1314.0,1692.0,111.0,696.0,183.0,183.0,147.0,1032.0,732.0,81.0,96.0,132.0,1188.0,93.0,1128.0,999.0,1239.0,756.0,174.0,1056.0,960.0,1128.0,1083.0,8529.0,limao
33,2217.0,495.0,645.0,465.0,321.0,42.0,306.0,417.0,396.0,480.0,138.0,729.0,87.0,54.0,123.0,1092.0,456.0,75.0,171.0,117.0,345.0,42.0,648.0,888.0,93.0,51.0,24.0,141.0,51.0,54.0,111.0,1182.0,252.0,36.0,75.0,45.0,87.0,15.0,81.0,72.0,372.0,441.0,93.0,759.0,90.0,54.0,138.0,1428.0,78.0,21.0,21.0,12.0,102.0,24.0,84.0,105.0,69.0,48.0,18.0,162.0,81.0,66.0,165.0,1107.0,645.0,126.0,132.0,78.0,87.0,9.0,75.0,42.0,174.0,144.0,9.0,141.0,27.0,36.0,3.0,126.0,96.0,18.0,24.0,42.0,114.0,15.0,87.0,90.0,39.0,33.0,9.0,39.0,24.0,36.0,48.0,216.0,423.0,57.0,60.0,45.0,78.0,0.0,54.0,93.0,804.0,1182.0,111.0,1224.0,117.0,99.0,114.0,1041.0,66.0,9.0,39.0,51.0,162.0,42.0,126.0,177.0,153.0,117.0,27.0,219.0,168.0,183.0,216.0,1149.0,576.0,126.0,114.0,126.0,30.0,15.0,48.0,78.0,72.0,63.0,18.0,78.0,21.0,21.0,18.0,105.0,570.0,99.0,210.0,162.0,408.0,78.0,1089.0,1326.0,72.0,78.0,30.0,141.0,60.0,69.0,135.0,849.0,45.0,6.0,18.0,9.0,9.0,3.0,9.0,21.0,60.0,105.0,12.0,114.0,15.0,12.0,33.0,129.0,54.0,12.0,30.0,42.0,45.0,12.0,129.0,198.0,42.0,81.0,48.0,204.0,81.0,156.0,147.0,1041.0,525.0,102.0,90.0,48.0,60.0,18.0,57.0,63.0,168.0,165.0,12.0,153.0,24.0,36.0,45.0,216.0,879.0,120.0,138.0,135.0,912.0,123.0,1173.0,690.0,123.0,150.0,54.0,180.0,144.0,195.0,234.0,1149.0,516.0,69.0,63.0,69.0,45.0,18.0,75.0,147.0,1038.0,1617.0,132.0,768.0,99.0,165.0,174.0,1065.0,1092.0,129.0,150.0,198.0,1584.0,144.0,1056.0,1050.0,1338.0,900.0,216.0,1194.0,1218.0,1011.0,1107.0,8544.0,limao
34,2364.0,630.0,747.0,495.0,291.0,45.0,348.0,465.0,792.0,540.0,174.0,522.0,123.0,27.0,90.0,558.0,768.0,249.0,195.0,252.0,342.0,51.0,726.0,1125.0,174.0,102.0,33.0,144.0,87.0,51.0,111.0,900.0,282.0,75.0,147.0,51.0,60.0,18.0,84.0,42.0,402.0,429.0,102.0,627.0,99.0,60.0,75.0,867.0,159.0,21.0,45.0,33.0,84.0,24.0,126.0,213.0,156.0,111.0,48.0,165.0,111.0,63.0,171.0,1188.0,708.0,219.0,141.0,66.0,126.0,15.0,90.0,90.0,279.0,255.0,39.0,111.0,54.0,27.0,36.0,129.0,90.0,48.0,27.0,18.0,87.0,30.0,93.0,123.0,33.0,36.0,12.0,36.0,21.0,33.0,57.0,231.0,432.0,66.0,99.0,51.0,45.0,12.0,42.0,84.0,861.0,1290.0,105.0,984.0,144.0,228.0,138.0,1071.0,99.0,24.0,33.0,51.0,93.0,30.0,162.0,168.0,153.0,153.0,54.0,186.0,129.0,174.0,225.0,1272.0,654.0,192.0,159.0,150.0,72.0,15.0,57.0,90.0,204.0,147.0,39.0,132.0,54.0,21.0,21.0,126.0,429.0,150.0,225.0,228.0,444.0,75.0,942.0,1443.0,87.0,108.0,21.0,102.0,78.0,81.0,144.0,723.0,51.0,45.0,36.0,12.0,9.0,6.0,9.0,24.0,54.0,72.0,15.0,84.0,21.0,24.0,24.0,129.0,24.0,18.0,33.0,39.0,63.0,12.0,210.0,258.0,51.0,78.0,33.0,147.0,81.0,114.0,171.0,1005.0,432.0,117.0,78.0,96.0,54.0,24.0,42.0,66.0,228.0,294.0,42.0,147.0,48.0,39.0,45.0,198.0,471.0,66.0,108.0,147.0,462.0,120.0,741.0,717.0,138.0,129.0,60.0,231.0,123.0,150.0,195.0,1161.0,447.0,90.0,78.0,96.0,51.0,15.0,102.0,63.0,1137.0,1734.0,126.0,828.0,231.0,246.0,225.0,1083.0,525.0,102.0,102.0,171.0,927.0,111.0,1014.0,1218.0,927.0,852.0,210.0,1158.0,888.0,1032.0,1257.0,7458.0,limao
35,2280.0,522.0,618.0,405.0,303.0,45.0,348.0,348.0,618.0,441.0,123.0,603.0,102.0,30.0,63.0,624.0,699.0,162.0,159.0,222.0,417.0,63.0,792.0,942.0,117.0,75.0,33.0,123.0,90.0,69.0,114.0,765.0,303.0,33.0,135.0,51.0,45.0,9.0,63.0,72.0,369.0,600.0,90.0,867.0,99.0,60.0,90.0,885.0,123.0,30.0,36.0,60.0,93.0,27.0,117.0,192.0,81.0,108.0,39.0,165.0,72.0,117.0,162.0,960.0,591.0,144.0,132.0,72.0,105.0,33.0,96.0,75.0,273.0,153.0,27.0,117.0,63.0,30.0,24.0,123.0,117.0,30.0,39.0,21.0,108.0,24.0,111.0,111.0,30.0,33.0,18.0,72.0,39.0,27.0,75.0,261.0,369.0,60.0,117.0,75.0,45.0,18.0,66.0,87.0,696.0,1122.0,162.0,1110.0,174.0,165.0,126.0,1044.0,84.0,27.0,30.0,45.0,99.0,42.0,102.0,183.0,108.0,147.0,51.0,243.0,144.0,135.0,180.0,1014.0,693.0,201.0,123.0,114.0,60.0,21.0,87.0,111.0,201.0,108.0,36.0,84.0,21.0,33.0,33.0,120.0,627.0,147.0,216.0,174.0,780.0,102.0,1404.0,1440.0,66.0,63.0,30.0,87.0,99.0,111.0,141.0,651.0,33.0,24.0,39.0,24.0,18.0,12.0,21.0,30.0,48.0,87.0,15.0,111.0,33.0,27.0,27.0,165.0,66.0,18.0,42.0,42.0,51.0,24.0,114.0,246.0,54.0,105.0,48.0,180.0,72.0,147.0,180.0,903.0,492.0,114.0,69.0,66.0,36.0,42.0,75.0,93.0,267.0,216.0,54.0,153.0,66.0,24.0,69.0,165.0,681.0,66.0,138.0,90.0,1014.0,126.0,1314.0,657.0,213.0,120.0,60.0,219.0,174.0,186.0,231.0,1107.0,444.0,81.0,99.0,48.0,57.0,30.0,111.0,114.0,996.0,1416.0,120.0,708.0,222.0,225.0,189.0,1092.0,651.0,153.0,141.0,192.0,891.0,135.0,1110.0,1095.0,912.0,684.0,195.0,933.0,1023.0,960.0,1188.0,7320.0,limao
36,2463.0,561.0,678.0,480.0,282.0,54.0,426.0,426.0,531.0,501.0,117.0,831.0,138.0,36.0,117.0,897.0,579.0,111.0,192.0,189.0,327.0,81.0,582.0,561.0,96.0,72.0,51.0,108.0,57.0,57.0,105.0,870.0,312.0,60.0,84.0,72.0,81.0,15.0,66.0,69.0,411.0,480.0,144.0,1008.0,90.0,42.0,138.0,1263.0,108.0,33.0,30.0,42.0,138.0,42.0,132.0,126.0,117.0,78.0,33.0,192.0,117.0,105.0,153.0,1065.0,678.0,177.0,87.0,75.0,108.0,39.0,69.0,72.0,177.0,144.0,30.0,132.0,39.0,36.0,54.0,195.0,117.0,42.0,30.0,36.0,99.0,33.0,108.0,108.0,36.0,60.0,24.0,66.0,45.0,75.0,45.0,216.0,423.0,54.0,54.0,72.0,90.0,39.0,87.0,108.0,570.0,726.0,138.0,831.0,108.0,144.0,171.0,1134.0,165.0,48.0,57.0,87.0,159.0,51.0,174.0,204.0,132.0,150.0,57.0,258.0,171.0,144.0,231.0,1077.0,615.0,159.0,171.0,99.0,45.0,33.0,42.0,84.0,153.0,99.0,18.0,177.0,45.0,36.0,57.0,177.0,513.0,96.0,162.0,186.0,525.0,96.0,771.0,1092.0,75.0,93.0,45.0,153.0,84.0,84.0,147.0,747.0,30.0,15.0,24.0,42.0,9.0,3.0,42.0,33.0,54.0,105.0,39.0,189.0,21.0,45.0,69.0,246.0,75.0,27.0,51.0,24.0,54.0,24.0,162.0,258.0,63.0,93.0,66.0,177.0,117.0,144.0,147.0,999.0,462.0,105.0,84.0,81.0,57.0,27.0,75.0,99.0,204.0,162.0,39.0,147.0,51.0,57.0,72.0,213.0,753.0,105.0,156.0,120.0,834.0,174.0,831.0,654.0,120.0,162.0,51.0,252.0,171.0,207.0,273.0,1230.0,453.0,114.0,60.0,90.0,57.0,39.0,81.0,117.0,780.0,1254.0,132.0,750.0,132.0,204.0,234.0,930.0,975.0,195.0,174.0,213.0,1146.0,246.0,1146.0,954.0,942.0,774.0,192.0,1176.0,1179.0,945.0,1080.0,7800.0,limao
37,2454.0,549.0,702.0,489.0,303.0,39.0,333.0,381.0,753.0,462.0,132.0,441.0,126.0,39.0,78.0,474.0,885.0,192.0,243.0,183.0,378.0,84.0,744.0,1008.0,186.0,129.0,45.0,132.0,84.0,99.0,150.0,762.0,300.0,48.0,78.0,45.0,51.0,3.0,42.0,81.0,321.0,375.0,81.0,468.0,51.0,78.0,90.0,639.0,150.0,21.0,39.0,57.0,84.0,18.0,153.0,207.0,141.0,120.0,42.0,177.0,129.0,75.0,177.0,948.0,555.0,135.0,66.0,54.0,108.0,45.0,75.0,84.0,258.0,192.0,51.0,117.0,42.0,63.0,48.0,177.0,126.0,45.0,33.0,30.0,108.0,30.0,87.0,114.0,63.0,57.0,15.0,66.0,45.0,66.0,66.0,267.0,309.0,57.0,78.0,87.0,108.0,15.0,81.0,93.0,897.0,945.0,93.0,753.0,168.0,189.0,153.0,984.0,138.0,39.0,21.0,75.0,99.0,57.0,156.0,225.0,180.0,159.0,60.0,180.0,174.0,225.0,234.0,1098.0,492.0,129.0,123.0,117.0,45.0,27.0,45.0,114.0,204.0,99.0,51.0,99.0,33.0,33.0,33.0,168.0,489.0,102.0,177.0,174.0,510.0,108.0,846.0,1185.0,135.0,114.0,39.0,147.0,102.0,117.0,117.0,750.0,48.0,12.0,18.0,36.0,3.0,15.0,30.0,54.0,60.0,96.0,30.0,108.0,39.0,33.0,36.0,168.0,81.0,27.0,42.0,45.0,51.0,45.0,216.0,252.0,105.0,69.0,57.0,195.0,99.0,132.0,207.0,957.0,501.0,138.0,72.0,75.0,57.0,42.0,66.0,132.0,249.0,219.0,39.0,141.0,57.0,51.0,60.0,216.0,606.0,102.0,114.0,150.0,537.0,105.0,684.0,789.0,204.0,144.0,81.0,207.0,171.0,201.0,258.0,1011.0,510.0,90.0,84.0,156.0,93.0,36.0,123.0,192.0,1257.0,1572.0,129.0,864.0,240.0,243.0,249.0,1224.0,729.0,129.0,180.0,183.0,990.0,147.0,1116.0,1260.0,1125.0,984.0,270.0,1032.0,1014.0,975.0,1140.0,8019.0,limao
38,2451.0,483.0,657.0,438.0,312.0,60.0,351.0,390.0,591.0,432.0,102.0,585.0,123.0,72.0,144.0,633.0,594.0,141.0,174.0,132.0,381.0,66.0,732.0,621.0,123.0,81.0,54.0,135.0,75.0,78.0,111.0,555.0,321.0,63.0,99.0,78.0,72.0,6.0,87.0,75.0,354.0,672.0,102.0,873.0,63.0,87.0,141.0,852.0,144.0,54.0,39.0,54.0,78.0,66.0,147.0,171.0,123.0,96.0,54.0,207.0,84.0,138.0,150.0,795.0,579.0,123.0,123.0,81.0,147.0,63.0,84.0,87.0,195.0,189.0,54.0,144.0,78.0,69.0,51.0,150.0,141.0,42.0,51.0,57.0,138.0,30.0,150.0,162.0,54.0,39.0,6.0,84.0,60.0,39.0,78.0,198.0,318.0,66.0,135.0,69.0,102.0,39.0,111.0,126.0,705.0,894.0,117.0,1011.0,147.0,165.0,180.0,885.0,138.0,51.0,60.0,57.0,120.0,33.0,183.0,174.0,147.0,180.0,69.0,252.0,162.0,198.0,192.0,996.0,510.0,174.0,150.0,99.0,60.0,18.0,54.0,87.0,147.0,129.0,33.0,90.0,45.0,18.0,45.0,165.0,528.0,171.0,171.0,207.0,723.0,90.0,1389.0,1119.0,84.0,102.0,54.0,168.0,132.0,141.0,132.0,774.0,63.0,18.0,45.0,54.0,15.0,21.0,39.0,45.0,63.0,99.0,33.0,114.0,36.0,39.0,30.0,135.0,87.0,39.0,45.0,54.0,96.0,39.0,159.0,204.0,78.0,135.0,36.0,201.0,105.0,135.0,186.0,930.0,456.0,99.0,102.0,99.0,87.0,45.0,135.0,93.0,168.0,189.0,45.0,150.0,66.0,54.0,42.0,192.0,624.0,135.0,177.0,120.0,1194.0,150.0,1191.0,807.0,156.0,144.0,57.0,237.0,228.0,213.0,267.0,966.0,474.0,87.0,108.0,96.0,99.0,48.0,120.0,90.0,915.0,1116.0,195.0,738.0,204.0,171.0,171.0,1098.0,702.0,180.0,183.0,186.0,978.0,120.0,1113.0,1131.0,843.0,852.0,204.0,978.0,1032.0,960.0,1008.0,7212.0,limao
39,2607.0,585.0,789.0,567.0,300.0,81.0,399.0,495.0,417.0,552.0,153.0,717.0,156.0,102.0,165.0,822.0,426.0,117.0,171.0,165.0,288.0,81.0,540.0,600.0,57.0,57.0,30.0,123.0,93.0,96.0,132.0,738.0,360.0,84.0,129.0,78.0,75.0,24.0,75.0,78.0,357.0,432.0,132.0,618.0,159.0,111.0,129.0,1038.0,198.0,60.0,93.0,45.0,165.0,45.0,186.0,162.0,63.0,147.0,33.0,252.0,129.0,141.0,204.0,1029.0,705.0,195.0,87.0,99.0,159.0,51.0,108.0,90.0,225.0,234.0,39.0,192.0,69.0,45.0,63.0,228.0,123.0,63.0,54.0,69.0,159.0,39.0,132.0,177.0,33.0,78.0,42.0,72.0,66.0,63.0,78.0,246.0,327.0,72.0,87.0,81.0,117.0,30.0,129.0,96.0,504.0,687.0,93.0,660.0,174.0,144.0,135.0,1017.0,159.0,48.0,48.0,105.0,204.0,87.0,177.0,162.0,159.0,180.0,78.0,288.0,180.0,231.0,267.0,1029.0,516.0,132.0,156.0,132.0,54.0,42.0,90.0,111.0,180.0,126.0,48.0,213.0,54.0,27.0,69.0,240.0,438.0,156.0,192.0,174.0,318.0,108.0,561.0,1035.0,57.0,75.0,60.0,189.0,138.0,150.0,153.0,684.0,63.0,57.0,39.0,33.0,30.0,9.0,36.0,48.0,87.0,108.0,69.0,213.0,51.0,48.0,78.0,261.0,96.0,51.0,54.0,81.0,87.0,42.0,210.0,201.0,96.0,135.0,69.0,201.0,117.0,129.0,186.0,1014.0,432.0,171.0,171.0,99.0,72.0,48.0,66.0,87.0,219.0,183.0,60.0,132.0,51.0,87.0,60.0,255.0,624.0,123.0,162.0,210.0,561.0,144.0,591.0,594.0,141.0,132.0,96.0,243.0,234.0,198.0,210.0,1107.0,483.0,126.0,129.0,120.0,87.0,48.0,108.0,132.0,651.0,1107.0,153.0,645.0,174.0,219.0,192.0,927.0,822.0,258.0,249.0,198.0,1050.0,228.0,1134.0,909.0,699.0,738.0,210.0,1191.0,1203.0,1002.0,1086.0,7428.0,limao
